date,location,team,opponent,team_score,opp_score,postponed,canceled,logo_url,game_id
2024-12-30,V,Gonzaga,Pepperdine,NA,NA,FALSE,FALSE,https://upload.wikimedia.org/wikipedia/commons/thumb/f/f2/Pepperdine_Waves_logo.svg/226px-Pepperdine_Waves_logo.svg.png,1
2025-01-02,H,Gonzaga,Portland,NA,NA,FALSE,FALSE,https://upload.wikimedia.org/wikipedia/commons/thumb/3/3f/Portland_Pilots_logo.svg/213px-Portland_Pilots_logo.svg.png,2
2025-01-04,V,Gonzaga,LMU (CA),NA,NA,FALSE,FALSE,https://upload.wikimedia.org/wikipedia/commons/thumb/6/62/LMU_Lions_logo.svg/320px-LMU_Lions_logo.svg.png,3
2025-01-08,H,Gonzaga,San Diego,NA,NA,FALSE,FALSE,https://upload.wikimedia.org/wikipedia/commons/7/7e/San_Diego_Toreros_logo.svg,4
2025-01-11,H,Gonzaga,Washington St.,NA,NA,FALSE,FALSE,https://upload.wikimedia.org/wikipedia/en/thumb/0/07/Washington_State_Cougars_logo.svg/252px-Washington_State_Cougars_logo.svg.png,5
2025-01-16,V,Gonzaga,Oregon St.,NA,NA,FALSE,FALSE,https://upload.wikimedia.org/wikipedia/en/thumb/1/1b/Oregon_State_Beavers_logo.svg/320px-Oregon_State_Beavers_logo.svg.png,6
2025-01-18,H,Gonzaga,Santa Clara,NA,NA,FALSE,FALSE,https://upload.wikimedia.org/wikipedia/commons/thumb/0/05/Santa_Clara_Broncos_logo.svg/185px-Santa_Clara_Broncos_logo.svg.png,7
2025-01-25,V,Gonzaga,Portland,NA,NA,FALSE,FALSE,https://upload.wikimedia.org/wikipedia/commons/thumb/3/3f/Portland_Pilots_logo.svg/213px-Portland_Pilots_logo.svg.png,8
2025-01-28,H,Gonzaga,Oregon St.,NA,NA,FALSE,FALSE,https://upload.wikimedia.org/wikipedia/en/thumb/1/1b/Oregon_State_Beavers_logo.svg/320px-Oregon_State_Beavers_logo.svg.png,9
2025-02-01,V,Gonzaga,Saint Mary's (CA),NA,NA,FALSE,FALSE,https://upload.wikimedia.org/wikipedia/commons/thumb/7/7c/Saint_Mary%27s_College_Gaels_logo.svg/300px-Saint_Mary%27s_College_Gaels_logo.svg.png,10
2025-02-06,H,Gonzaga,LMU (CA),NA,NA,FALSE,FALSE,https://upload.wikimedia.org/wikipedia/commons/thumb/6/62/LMU_Lions_logo.svg/320px-LMU_Lions_logo.svg.png,11
2025-02-08,V,Gonzaga,Pacific,NA,NA,FALSE,FALSE,https://upload.wikimedia.org/wikipedia/en/thumb/5/5e/Pacific_Tigers_logo.svg/320px-Pacific_Tigers_logo.svg.png,12
2025-02-13,H,Gonzaga,San Francisco,NA,NA,FALSE,FALSE,https://upload.wikimedia.org/wikipedia/commons/thumb/a/af/San_Francisco_Dons_logo.svg/200px-San_Francisco_Dons_logo.svg.png,13
2025-02-15,H,Gonzaga,Pepperdine,NA,NA,FALSE,FALSE,https://upload.wikimedia.org/wikipedia/commons/thumb/f/f2/Pepperdine_Waves_logo.svg/226px-Pepperdine_Waves_logo.svg.png,14
2025-02-19,V,Gonzaga,Washington St.,NA,NA,FALSE,FALSE,https://upload.wikimedia.org/wikipedia/en/thumb/0/07/Washington_State_Cougars_logo.svg/252px-Washington_State_Cougars_logo.svg.png,15
2025-02-22,H,Gonzaga,Saint Mary's (CA),NA,NA,FALSE,FALSE,https://upload.wikimedia.org/wikipedia/commons/thumb/7/7c/Saint_Mary%27s_College_Gaels_logo.svg/300px-Saint_Mary%27s_College_Gaels_logo.svg.png,16
2025-02-27,V,Gonzaga,Santa Clara,NA,NA,FALSE,FALSE,https://upload.wikimedia.org/wikipedia/commons/thumb/0/05/Santa_Clara_Broncos_logo.svg/185px-Santa_Clara_Broncos_logo.svg.png,17
2025-03-01,V,Gonzaga,San Francisco,NA,NA,FALSE,FALSE,https://upload.wikimedia.org/wikipedia/commons/thumb/a/af/San_Francisco_Dons_logo.svg/200px-San_Francisco_Dons_logo.svg.png,18
2024-12-28,V,LMU (CA),San Francisco,NA,NA,FALSE,FALSE,https://upload.wikimedia.org/wikipedia/commons/thumb/a/af/San_Francisco_Dons_logo.svg/200px-San_Francisco_Dons_logo.svg.png,1
2024-12-30,V,LMU (CA),Washington St.,NA,NA,FALSE,FALSE,https://upload.wikimedia.org/wikipedia/en/thumb/0/07/Washington_State_Cougars_logo.svg/252px-Washington_State_Cougars_logo.svg.png,2
2025-01-02,H,LMU (CA),Oregon St.,NA,NA,FALSE,FALSE,https://upload.wikimedia.org/wikipedia/en/thumb/1/1b/Oregon_State_Beavers_logo.svg/320px-Oregon_State_Beavers_logo.svg.png,3
2025-01-04,H,LMU (CA),Gonzaga,NA,NA,FALSE,FALSE,https://upload.wikimedia.org/wikipedia/en/thumb/b/bd/Gonzaga_Bulldogs_logo.svg/301px-Gonzaga_Bulldogs_logo.svg.png,4
2025-01-07,V,LMU (CA),Saint Mary's (CA),NA,NA,FALSE,FALSE,https://upload.wikimedia.org/wikipedia/commons/thumb/7/7c/Saint_Mary%27s_College_Gaels_logo.svg/300px-Saint_Mary%27s_College_Gaels_logo.svg.png,5
2025-01-11,V,LMU (CA),Pepperdine,NA,NA,FALSE,FALSE,https://upload.wikimedia.org/wikipedia/commons/thumb/f/f2/Pepperdine_Waves_logo.svg/226px-Pepperdine_Waves_logo.svg.png,6
2025-01-15,H,LMU (CA),Santa Clara,NA,NA,FALSE,FALSE,https://upload.wikimedia.org/wikipedia/commons/thumb/0/05/Santa_Clara_Broncos_logo.svg/185px-Santa_Clara_Broncos_logo.svg.png,7
2025-01-18,H,LMU (CA),San Diego,NA,NA,FALSE,FALSE,https://upload.wikimedia.org/wikipedia/commons/7/7e/San_Diego_Toreros_logo.svg,8
2025-01-22,V,LMU (CA),Pacific,NA,NA,FALSE,FALSE,https://upload.wikimedia.org/wikipedia/en/thumb/5/5e/Pacific_Tigers_logo.svg/320px-Pacific_Tigers_logo.svg.png,9
2025-01-30,H,LMU (CA),Portland,NA,NA,FALSE,FALSE,https://upload.wikimedia.org/wikipedia/commons/thumb/3/3f/Portland_Pilots_logo.svg/213px-Portland_Pilots_logo.svg.png,10
2025-02-01,V,LMU (CA),San Diego,NA,NA,FALSE,FALSE,https://upload.wikimedia.org/wikipedia/commons/7/7e/San_Diego_Toreros_logo.svg,11
2025-02-06,V,LMU (CA),Gonzaga,NA,NA,FALSE,FALSE,https://upload.wikimedia.org/wikipedia/en/thumb/b/bd/Gonzaga_Bulldogs_logo.svg/301px-Gonzaga_Bulldogs_logo.svg.png,12
2025-02-08,H,LMU (CA),San Francisco,NA,NA,FALSE,FALSE,https://upload.wikimedia.org/wikipedia/commons/thumb/a/af/San_Francisco_Dons_logo.svg/200px-San_Francisco_Dons_logo.svg.png,13
2025-02-12,H,LMU (CA),Pacific,NA,NA,FALSE,FALSE,https://upload.wikimedia.org/wikipedia/en/thumb/5/5e/Pacific_Tigers_logo.svg/320px-Pacific_Tigers_logo.svg.png,14
2025-02-15,V,LMU (CA),Portland,NA,NA,FALSE,FALSE,https://upload.wikimedia.org/wikipedia/commons/thumb/3/3f/Portland_Pilots_logo.svg/213px-Portland_Pilots_logo.svg.png,15
2025-02-19,V,LMU (CA),Santa Clara,NA,NA,FALSE,FALSE,https://upload.wikimedia.org/wikipedia/commons/thumb/0/05/Santa_Clara_Broncos_logo.svg/185px-Santa_Clara_Broncos_logo.svg.png,16
2025-02-22,H,LMU (CA),Pepperdine,NA,NA,FALSE,FALSE,https://upload.wikimedia.org/wikipedia/commons/thumb/f/f2/Pepperdine_Waves_logo.svg/226px-Pepperdine_Waves_logo.svg.png,17
2025-02-27,H,LMU (CA),Saint Mary's (CA),NA,NA,FALSE,FALSE,https://upload.wikimedia.org/wikipedia/commons/thumb/7/7c/Saint_Mary%27s_College_Gaels_logo.svg/300px-Saint_Mary%27s_College_Gaels_logo.svg.png,18
2024-12-30,H,Oregon St.,Portland,NA,NA,FALSE,FALSE,https://upload.wikimedia.org/wikipedia/commons/thumb/3/3f/Portland_Pilots_logo.svg/213px-Portland_Pilots_logo.svg.png,1
2025-01-02,V,Oregon St.,LMU (CA),NA,NA,FALSE,FALSE,https://upload.wikimedia.org/wikipedia/commons/thumb/6/62/LMU_Lions_logo.svg/320px-LMU_Lions_logo.svg.png,2
2025-01-04,H,Oregon St.,San Diego,NA,NA,FALSE,FALSE,https://upload.wikimedia.org/wikipedia/commons/7/7e/San_Diego_Toreros_logo.svg,3
2025-01-09,V,Oregon St.,Santa Clara,NA,NA,FALSE,FALSE,https://upload.wikimedia.org/wikipedia/commons/thumb/0/05/Santa_Clara_Broncos_logo.svg/185px-Santa_Clara_Broncos_logo.svg.png,4
2025-01-11,V,Oregon St.,Pacific,NA,NA,FALSE,FALSE,https://upload.wikimedia.org/wikipedia/en/thumb/5/5e/Pacific_Tigers_logo.svg/320px-Pacific_Tigers_logo.svg.png,5
2025-01-16,H,Oregon St.,Gonzaga,NA,NA,FALSE,FALSE,https://upload.wikimedia.org/wikipedia/en/thumb/b/bd/Gonzaga_Bulldogs_logo.svg/301px-Gonzaga_Bulldogs_logo.svg.png,6
2025-01-18,V,Oregon St.,San Francisco,NA,NA,FALSE,FALSE,https://upload.wikimedia.org/wikipedia/commons/thumb/a/af/San_Francisco_Dons_logo.svg/200px-San_Francisco_Dons_logo.svg.png,7
2025-01-23,H,Oregon St.,Pepperdine,NA,NA,FALSE,FALSE,https://upload.wikimedia.org/wikipedia/commons/thumb/f/f2/Pepperdine_Waves_logo.svg/226px-Pepperdine_Waves_logo.svg.png,8
2025-01-25,H,Oregon St.,Santa Clara,NA,NA,FALSE,FALSE,https://upload.wikimedia.org/wikipedia/commons/thumb/0/05/Santa_Clara_Broncos_logo.svg/185px-Santa_Clara_Broncos_logo.svg.png,9
2025-01-28,V,Oregon St.,Gonzaga,NA,NA,FALSE,FALSE,https://upload.wikimedia.org/wikipedia/en/thumb/b/bd/Gonzaga_Bulldogs_logo.svg/301px-Gonzaga_Bulldogs_logo.svg.png,10
2025-02-06,H,Oregon St.,Washington St.,NA,NA,FALSE,FALSE,https://upload.wikimedia.org/wikipedia/en/thumb/0/07/Washington_State_Cougars_logo.svg/252px-Washington_State_Cougars_logo.svg.png,11
2025-02-08,H,Oregon St.,Saint Mary's (CA),NA,NA,FALSE,FALSE,https://upload.wikimedia.org/wikipedia/commons/thumb/7/7c/Saint_Mary%27s_College_Gaels_logo.svg/300px-Saint_Mary%27s_College_Gaels_logo.svg.png,12
2025-02-13,V,Oregon St.,Portland,NA,NA,FALSE,FALSE,https://upload.wikimedia.org/wikipedia/commons/thumb/3/3f/Portland_Pilots_logo.svg/213px-Portland_Pilots_logo.svg.png,13
2025-02-15,H,Oregon St.,Pacific,NA,NA,FALSE,FALSE,https://upload.wikimedia.org/wikipedia/en/thumb/5/5e/Pacific_Tigers_logo.svg/320px-Pacific_Tigers_logo.svg.png,14
2025-02-20,V,Oregon St.,Pepperdine,NA,NA,FALSE,FALSE,https://upload.wikimedia.org/wikipedia/commons/thumb/f/f2/Pepperdine_Waves_logo.svg/226px-Pepperdine_Waves_logo.svg.png,15
2025-02-22,V,Oregon St.,San Diego,NA,NA,FALSE,FALSE,https://upload.wikimedia.org/wikipedia/commons/7/7e/San_Diego_Toreros_logo.svg,16
2025-02-27,H,Oregon St.,San Francisco,NA,NA,FALSE,FALSE,https://upload.wikimedia.org/wikipedia/commons/thumb/a/af/San_Francisco_Dons_logo.svg/200px-San_Francisco_Dons_logo.svg.png,17
2025-03-01,V,Oregon St.,Saint Mary's (CA),NA,NA,FALSE,FALSE,https://upload.wikimedia.org/wikipedia/commons/thumb/7/7c/Saint_Mary%27s_College_Gaels_logo.svg/300px-Saint_Mary%27s_College_Gaels_logo.svg.png,18
2024-12-28,V,Pacific,Saint Mary's (CA),NA,NA,FALSE,FALSE,https://upload.wikimedia.org/wikipedia/commons/thumb/7/7c/Saint_Mary%27s_College_Gaels_logo.svg/300px-Saint_Mary%27s_College_Gaels_logo.svg.png,1
2024-12-30,V,Pacific,San Diego,NA,NA,FALSE,FALSE,https://upload.wikimedia.org/wikipedia/commons/7/7e/San_Diego_Toreros_logo.svg,2
2025-01-02,H,Pacific,San Francisco,NA,NA,FALSE,FALSE,https://upload.wikimedia.org/wikipedia/commons/thumb/a/af/San_Francisco_Dons_logo.svg/200px-San_Francisco_Dons_logo.svg.png,3
2025-01-04,H,Pacific,Pepperdine,NA,NA,FALSE,FALSE,https://upload.wikimedia.org/wikipedia/commons/thumb/f/f2/Pepperdine_Waves_logo.svg/226px-Pepperdine_Waves_logo.svg.png,4
2025-01-09,V,Pacific,Washington St.,NA,NA,FALSE,FALSE,https://upload.wikimedia.org/wikipedia/en/thumb/0/07/Washington_State_Cougars_logo.svg/252px-Washington_State_Cougars_logo.svg.png,5
2025-01-11,H,Pacific,Oregon St.,NA,NA,FALSE,FALSE,https://upload.wikimedia.org/wikipedia/en/thumb/1/1b/Oregon_State_Beavers_logo.svg/320px-Oregon_State_Beavers_logo.svg.png,6
2025-01-16,V,Pacific,Portland,NA,NA,FALSE,FALSE,https://upload.wikimedia.org/wikipedia/commons/thumb/3/3f/Portland_Pilots_logo.svg/213px-Portland_Pilots_logo.svg.png,7
2025-01-22,H,Pacific,LMU (CA),NA,NA,FALSE,FALSE,https://upload.wikimedia.org/wikipedia/commons/thumb/6/62/LMU_Lions_logo.svg/320px-LMU_Lions_logo.svg.png,8
2025-01-25,V,Pacific,Pepperdine,NA,NA,FALSE,FALSE,https://upload.wikimedia.org/wikipedia/commons/thumb/f/f2/Pepperdine_Waves_logo.svg/226px-Pepperdine_Waves_logo.svg.png,9
2025-01-30,H,Pacific,Washington St.,NA,NA,FALSE,FALSE,https://upload.wikimedia.org/wikipedia/en/thumb/0/07/Washington_State_Cougars_logo.svg/252px-Washington_State_Cougars_logo.svg.png,10
2025-02-01,V,Pacific,Santa Clara,NA,NA,FALSE,FALSE,https://upload.wikimedia.org/wikipedia/commons/thumb/0/05/Santa_Clara_Broncos_logo.svg/185px-Santa_Clara_Broncos_logo.svg.png,11
2025-02-06,H,Pacific,San Diego,NA,NA,FALSE,FALSE,https://upload.wikimedia.org/wikipedia/commons/7/7e/San_Diego_Toreros_logo.svg,12
2025-02-08,H,Pacific,Gonzaga,NA,NA,FALSE,FALSE,https://upload.wikimedia.org/wikipedia/en/thumb/b/bd/Gonzaga_Bulldogs_logo.svg/301px-Gonzaga_Bulldogs_logo.svg.png,13
2025-02-12,V,Pacific,LMU (CA),NA,NA,FALSE,FALSE,https://upload.wikimedia.org/wikipedia/commons/thumb/6/62/LMU_Lions_logo.svg/320px-LMU_Lions_logo.svg.png,14
2025-02-15,V,Pacific,Oregon St.,NA,NA,FALSE,FALSE,https://upload.wikimedia.org/wikipedia/en/thumb/1/1b/Oregon_State_Beavers_logo.svg/320px-Oregon_State_Beavers_logo.svg.png,15
2025-02-20,V,Pacific,San Francisco,NA,NA,FALSE,FALSE,https://upload.wikimedia.org/wikipedia/commons/thumb/a/af/San_Francisco_Dons_logo.svg/200px-San_Francisco_Dons_logo.svg.png,16
2025-02-22,H,Pacific,Portland,NA,NA,FALSE,FALSE,https://upload.wikimedia.org/wikipedia/commons/thumb/3/3f/Portland_Pilots_logo.svg/213px-Portland_Pilots_logo.svg.png,17
2025-03-01,H,Pacific,Santa Clara,NA,NA,FALSE,FALSE,https://upload.wikimedia.org/wikipedia/commons/thumb/0/05/Santa_Clara_Broncos_logo.svg/185px-Santa_Clara_Broncos_logo.svg.png,18
2024-12-28,V,Pepperdine,Santa Clara,NA,NA,FALSE,FALSE,https://upload.wikimedia.org/wikipedia/commons/thumb/0/05/Santa_Clara_Broncos_logo.svg/185px-Santa_Clara_Broncos_logo.svg.png,1
2024-12-30,H,Pepperdine,Gonzaga,NA,NA,FALSE,FALSE,https://upload.wikimedia.org/wikipedia/en/thumb/b/bd/Gonzaga_Bulldogs_logo.svg/301px-Gonzaga_Bulldogs_logo.svg.png,2
2025-01-02,V,Pepperdine,Saint Mary's (CA),NA,NA,FALSE,FALSE,https://upload.wikimedia.org/wikipedia/commons/thumb/7/7c/Saint_Mary%27s_College_Gaels_logo.svg/300px-Saint_Mary%27s_College_Gaels_logo.svg.png,3
2025-01-04,V,Pepperdine,Pacific,NA,NA,FALSE,FALSE,https://upload.wikimedia.org/wikipedia/en/thumb/5/5e/Pacific_Tigers_logo.svg/320px-Pacific_Tigers_logo.svg.png,4
2025-01-11,H,Pepperdine,LMU (CA),NA,NA,FALSE,FALSE,https://upload.wikimedia.org/wikipedia/commons/thumb/6/62/LMU_Lions_logo.svg/320px-LMU_Lions_logo.svg.png,5
2025-01-16,H,Pepperdine,San Francisco,NA,NA,FALSE,FALSE,https://upload.wikimedia.org/wikipedia/commons/thumb/a/af/San_Francisco_Dons_logo.svg/200px-San_Francisco_Dons_logo.svg.png,6
2025-01-18,H,Pepperdine,Saint Mary's (CA),NA,NA,FALSE,FALSE,https://upload.wikimedia.org/wikipedia/commons/thumb/7/7c/Saint_Mary%27s_College_Gaels_logo.svg/300px-Saint_Mary%27s_College_Gaels_logo.svg.png,7
2025-01-23,V,Pepperdine,Oregon St.,NA,NA,FALSE,FALSE,https://upload.wikimedia.org/wikipedia/en/thumb/1/1b/Oregon_State_Beavers_logo.svg/320px-Oregon_State_Beavers_logo.svg.png,8
2025-01-25,H,Pepperdine,Pacific,NA,NA,FALSE,FALSE,https://upload.wikimedia.org/wikipedia/en/thumb/5/5e/Pacific_Tigers_logo.svg/320px-Pacific_Tigers_logo.svg.png,9
2025-01-30,V,Pepperdine,San Diego,NA,NA,FALSE,FALSE,https://upload.wikimedia.org/wikipedia/commons/7/7e/San_Diego_Toreros_logo.svg,10
2025-02-01,H,Pepperdine,Portland,NA,NA,FALSE,FALSE,https://upload.wikimedia.org/wikipedia/commons/thumb/3/3f/Portland_Pilots_logo.svg/213px-Portland_Pilots_logo.svg.png,11
2025-02-08,V,Pepperdine,Washington St.,NA,NA,FALSE,FALSE,https://upload.wikimedia.org/wikipedia/en/thumb/0/07/Washington_State_Cougars_logo.svg/252px-Washington_State_Cougars_logo.svg.png,12
2025-02-13,H,Pepperdine,San Diego,NA,NA,FALSE,FALSE,https://upload.wikimedia.org/wikipedia/commons/7/7e/San_Diego_Toreros_logo.svg,13
2025-02-15,V,Pepperdine,Gonzaga,NA,NA,FALSE,FALSE,https://upload.wikimedia.org/wikipedia/en/thumb/b/bd/Gonzaga_Bulldogs_logo.svg/301px-Gonzaga_Bulldogs_logo.svg.png,14
2025-02-20,H,Pepperdine,Oregon St.,NA,NA,FALSE,FALSE,https://upload.wikimedia.org/wikipedia/en/thumb/1/1b/Oregon_State_Beavers_logo.svg/320px-Oregon_State_Beavers_logo.svg.png,15
2025-02-22,V,Pepperdine,LMU (CA),NA,NA,FALSE,FALSE,https://upload.wikimedia.org/wikipedia/commons/thumb/6/62/LMU_Lions_logo.svg/320px-LMU_Lions_logo.svg.png,16
2025-02-27,V,Pepperdine,Portland,NA,NA,FALSE,FALSE,https://upload.wikimedia.org/wikipedia/commons/thumb/3/3f/Portland_Pilots_logo.svg/213px-Portland_Pilots_logo.svg.png,17
2025-03-01,H,Pepperdine,Washington St.,NA,NA,FALSE,FALSE,https://upload.wikimedia.org/wikipedia/en/thumb/0/07/Washington_State_Cougars_logo.svg/252px-Washington_State_Cougars_logo.svg.png,18
2024-12-28,H,Portland,Washington St.,NA,NA,FALSE,FALSE,https://upload.wikimedia.org/wikipedia/en/thumb/0/07/Washington_State_Cougars_logo.svg/252px-Washington_State_Cougars_logo.svg.png,1
2024-12-30,V,Portland,Oregon St.,NA,NA,FALSE,FALSE,https://upload.wikimedia.org/wikipedia/en/thumb/1/1b/Oregon_State_Beavers_logo.svg/320px-Oregon_State_Beavers_logo.svg.png,2
2025-01-02,V,Portland,Gonzaga,NA,NA,FALSE,FALSE,https://upload.wikimedia.org/wikipedia/en/thumb/b/bd/Gonzaga_Bulldogs_logo.svg/301px-Gonzaga_Bulldogs_logo.svg.png,3
2025-01-04,H,Portland,Saint Mary's (CA),NA,NA,FALSE,FALSE,https://upload.wikimedia.org/wikipedia/commons/thumb/7/7c/Saint_Mary%27s_College_Gaels_logo.svg/300px-Saint_Mary%27s_College_Gaels_logo.svg.png,4
2025-01-09,V,Portland,San Francisco,NA,NA,FALSE,FALSE,https://upload.wikimedia.org/wikipedia/commons/thumb/a/af/San_Francisco_Dons_logo.svg/200px-San_Francisco_Dons_logo.svg.png,5
2025-01-16,H,Portland,Pacific,NA,NA,FALSE,FALSE,https://upload.wikimedia.org/wikipedia/en/thumb/5/5e/Pacific_Tigers_logo.svg/320px-Pacific_Tigers_logo.svg.png,6
2025-01-18,V,Portland,Washington St.,NA,NA,FALSE,FALSE,https://upload.wikimedia.org/wikipedia/en/thumb/0/07/Washington_State_Cougars_logo.svg/252px-Washington_State_Cougars_logo.svg.png,7
2025-01-23,H,Portland,San Diego,NA,NA,FALSE,FALSE,https://upload.wikimedia.org/wikipedia/commons/7/7e/San_Diego_Toreros_logo.svg,8
2025-01-25,H,Portland,Gonzaga,NA,NA,FALSE,FALSE,https://upload.wikimedia.org/wikipedia/en/thumb/b/bd/Gonzaga_Bulldogs_logo.svg/301px-Gonzaga_Bulldogs_logo.svg.png,9
2025-01-30,V,Portland,LMU (CA),NA,NA,FALSE,FALSE,https://upload.wikimedia.org/wikipedia/commons/thumb/6/62/LMU_Lions_logo.svg/320px-LMU_Lions_logo.svg.png,10
2025-02-01,V,Portland,Pepperdine,NA,NA,FALSE,FALSE,https://upload.wikimedia.org/wikipedia/commons/thumb/f/f2/Pepperdine_Waves_logo.svg/226px-Pepperdine_Waves_logo.svg.png,11
2025-02-06,H,Portland,Santa Clara,NA,NA,FALSE,FALSE,https://upload.wikimedia.org/wikipedia/commons/thumb/0/05/Santa_Clara_Broncos_logo.svg/185px-Santa_Clara_Broncos_logo.svg.png,12
2025-02-13,H,Portland,Oregon St.,NA,NA,FALSE,FALSE,https://upload.wikimedia.org/wikipedia/en/thumb/1/1b/Oregon_State_Beavers_logo.svg/320px-Oregon_State_Beavers_logo.svg.png,13
2025-02-15,H,Portland,LMU (CA),NA,NA,FALSE,FALSE,https://upload.wikimedia.org/wikipedia/commons/thumb/6/62/LMU_Lions_logo.svg/320px-LMU_Lions_logo.svg.png,14
2025-02-19,V,Portland,Saint Mary's (CA),NA,NA,FALSE,FALSE,https://upload.wikimedia.org/wikipedia/commons/thumb/7/7c/Saint_Mary%27s_College_Gaels_logo.svg/300px-Saint_Mary%27s_College_Gaels_logo.svg.png,15
2025-02-22,V,Portland,Pacific,NA,NA,FALSE,FALSE,https://upload.wikimedia.org/wikipedia/en/thumb/5/5e/Pacific_Tigers_logo.svg/320px-Pacific_Tigers_logo.svg.png,16
2025-02-27,H,Portland,Pepperdine,NA,NA,FALSE,FALSE,https://upload.wikimedia.org/wikipedia/commons/thumb/f/f2/Pepperdine_Waves_logo.svg/226px-Pepperdine_Waves_logo.svg.png,17
2025-03-01,V,Portland,San Diego,NA,NA,FALSE,FALSE,https://upload.wikimedia.org/wikipedia/commons/7/7e/San_Diego_Toreros_logo.svg,18
2024-12-28,H,Saint Mary's (CA),Pacific,NA,NA,FALSE,FALSE,https://upload.wikimedia.org/wikipedia/en/thumb/5/5e/Pacific_Tigers_logo.svg/320px-Pacific_Tigers_logo.svg.png,1
2025-01-02,H,Saint Mary's (CA),Pepperdine,NA,NA,FALSE,FALSE,https://upload.wikimedia.org/wikipedia/commons/thumb/f/f2/Pepperdine_Waves_logo.svg/226px-Pepperdine_Waves_logo.svg.png,2
2025-01-04,V,Saint Mary's (CA),Portland,NA,NA,FALSE,FALSE,https://upload.wikimedia.org/wikipedia/commons/thumb/3/3f/Portland_Pilots_logo.svg/213px-Portland_Pilots_logo.svg.png,3
2025-01-07,H,Saint Mary's (CA),LMU (CA),NA,NA,FALSE,FALSE,https://upload.wikimedia.org/wikipedia/commons/thumb/6/62/LMU_Lions_logo.svg/320px-LMU_Lions_logo.svg.png,4
2025-01-11,V,Saint Mary's (CA),San Diego,NA,NA,FALSE,FALSE,https://upload.wikimedia.org/wikipedia/commons/7/7e/San_Diego_Toreros_logo.svg,5
2025-01-18,V,Saint Mary's (CA),Pepperdine,NA,NA,FALSE,FALSE,https://upload.wikimedia.org/wikipedia/commons/thumb/f/f2/Pepperdine_Waves_logo.svg/226px-Pepperdine_Waves_logo.svg.png,6
2025-01-23,H,Saint Mary's (CA),San Francisco,NA,NA,FALSE,FALSE,https://upload.wikimedia.org/wikipedia/commons/thumb/a/af/San_Francisco_Dons_logo.svg/200px-San_Francisco_Dons_logo.svg.png,7
2025-01-25,V,Saint Mary's (CA),Washington St.,NA,NA,FALSE,FALSE,https://upload.wikimedia.org/wikipedia/en/thumb/0/07/Washington_State_Cougars_logo.svg/252px-Washington_State_Cougars_logo.svg.png,8
2025-01-29,V,Saint Mary's (CA),Santa Clara,NA,NA,FALSE,FALSE,https://upload.wikimedia.org/wikipedia/commons/thumb/0/05/Santa_Clara_Broncos_logo.svg/185px-Santa_Clara_Broncos_logo.svg.png,9
2025-02-01,H,Saint Mary's (CA),Gonzaga,NA,NA,FALSE,FALSE,https://upload.wikimedia.org/wikipedia/en/thumb/b/bd/Gonzaga_Bulldogs_logo.svg/301px-Gonzaga_Bulldogs_logo.svg.png,10
2025-02-06,V,Saint Mary's (CA),San Francisco,NA,NA,FALSE,FALSE,https://upload.wikimedia.org/wikipedia/commons/thumb/a/af/San_Francisco_Dons_logo.svg/200px-San_Francisco_Dons_logo.svg.png,11
2025-02-08,V,Saint Mary's (CA),Oregon St.,NA,NA,FALSE,FALSE,https://upload.wikimedia.org/wikipedia/en/thumb/1/1b/Oregon_State_Beavers_logo.svg/320px-Oregon_State_Beavers_logo.svg.png,12
2025-02-11,H,Saint Mary's (CA),Santa Clara,NA,NA,FALSE,FALSE,https://upload.wikimedia.org/wikipedia/commons/thumb/0/05/Santa_Clara_Broncos_logo.svg/185px-Santa_Clara_Broncos_logo.svg.png,13
2025-02-15,H,Saint Mary's (CA),Washington St.,NA,NA,FALSE,FALSE,https://upload.wikimedia.org/wikipedia/en/thumb/0/07/Washington_State_Cougars_logo.svg/252px-Washington_State_Cougars_logo.svg.png,14
2025-02-19,H,Saint Mary's (CA),Portland,NA,NA,FALSE,FALSE,https://upload.wikimedia.org/wikipedia/commons/thumb/3/3f/Portland_Pilots_logo.svg/213px-Portland_Pilots_logo.svg.png,15
2025-02-22,V,Saint Mary's (CA),Gonzaga,NA,NA,FALSE,FALSE,https://upload.wikimedia.org/wikipedia/en/thumb/b/bd/Gonzaga_Bulldogs_logo.svg/301px-Gonzaga_Bulldogs_logo.svg.png,16
2025-02-27,V,Saint Mary's (CA),LMU (CA),NA,NA,FALSE,FALSE,https://upload.wikimedia.org/wikipedia/commons/thumb/6/62/LMU_Lions_logo.svg/320px-LMU_Lions_logo.svg.png,17
2025-03-01,H,Saint Mary's (CA),Oregon St.,NA,NA,FALSE,FALSE,https://upload.wikimedia.org/wikipedia/en/thumb/1/1b/Oregon_State_Beavers_logo.svg/320px-Oregon_State_Beavers_logo.svg.png,18
2024-12-30,H,San Diego,Pacific,NA,NA,FALSE,FALSE,https://upload.wikimedia.org/wikipedia/en/thumb/5/5e/Pacific_Tigers_logo.svg/320px-Pacific_Tigers_logo.svg.png,1
2025-01-02,H,San Diego,Santa Clara,NA,NA,FALSE,FALSE,https://upload.wikimedia.org/wikipedia/commons/thumb/0/05/Santa_Clara_Broncos_logo.svg/185px-Santa_Clara_Broncos_logo.svg.png,2
2025-01-04,V,San Diego,Oregon St.,NA,NA,FALSE,FALSE,https://upload.wikimedia.org/wikipedia/en/thumb/1/1b/Oregon_State_Beavers_logo.svg/320px-Oregon_State_Beavers_logo.svg.png,3
2025-01-08,V,San Diego,Gonzaga,NA,NA,FALSE,FALSE,https://upload.wikimedia.org/wikipedia/en/thumb/b/bd/Gonzaga_Bulldogs_logo.svg/301px-Gonzaga_Bulldogs_logo.svg.png,4
2025-01-11,H,San Diego,Saint Mary's (CA),NA,NA,FALSE,FALSE,https://upload.wikimedia.org/wikipedia/commons/thumb/7/7c/Saint_Mary%27s_College_Gaels_logo.svg/300px-Saint_Mary%27s_College_Gaels_logo.svg.png,5
2025-01-16,H,San Diego,Washington St.,NA,NA,FALSE,FALSE,https://upload.wikimedia.org/wikipedia/en/thumb/0/07/Washington_State_Cougars_logo.svg/252px-Washington_State_Cougars_logo.svg.png,6
2025-01-18,V,San Diego,LMU (CA),NA,NA,FALSE,FALSE,https://upload.wikimedia.org/wikipedia/commons/thumb/6/62/LMU_Lions_logo.svg/320px-LMU_Lions_logo.svg.png,7
2025-01-23,V,San Diego,Portland,NA,NA,FALSE,FALSE,https://upload.wikimedia.org/wikipedia/commons/thumb/3/3f/Portland_Pilots_logo.svg/213px-Portland_Pilots_logo.svg.png,8
2025-01-25,V,San Diego,San Francisco,NA,NA,FALSE,FALSE,https://upload.wikimedia.org/wikipedia/commons/thumb/a/af/San_Francisco_Dons_logo.svg/200px-San_Francisco_Dons_logo.svg.png,9
2025-01-30,H,San Diego,Pepperdine,NA,NA,FALSE,FALSE,https://upload.wikimedia.org/wikipedia/commons/thumb/f/f2/Pepperdine_Waves_logo.svg/226px-Pepperdine_Waves_logo.svg.png,10
2025-02-01,H,San Diego,LMU (CA),NA,NA,FALSE,FALSE,https://upload.wikimedia.org/wikipedia/commons/thumb/6/62/LMU_Lions_logo.svg/320px-LMU_Lions_logo.svg.png,11
2025-02-06,V,San Diego,Pacific,NA,NA,FALSE,FALSE,https://upload.wikimedia.org/wikipedia/en/thumb/5/5e/Pacific_Tigers_logo.svg/320px-Pacific_Tigers_logo.svg.png,12
2025-02-08,V,San Diego,Santa Clara,NA,NA,FALSE,FALSE,https://upload.wikimedia.org/wikipedia/commons/thumb/0/05/Santa_Clara_Broncos_logo.svg/185px-Santa_Clara_Broncos_logo.svg.png,13
2025-02-13,V,San Diego,Pepperdine,NA,NA,FALSE,FALSE,https://upload.wikimedia.org/wikipedia/commons/thumb/f/f2/Pepperdine_Waves_logo.svg/226px-Pepperdine_Waves_logo.svg.png,14
2025-02-15,H,San Diego,San Francisco,NA,NA,FALSE,FALSE,https://upload.wikimedia.org/wikipedia/commons/thumb/a/af/San_Francisco_Dons_logo.svg/200px-San_Francisco_Dons_logo.svg.png,15
2025-02-22,H,San Diego,Oregon St.,NA,NA,FALSE,FALSE,https://upload.wikimedia.org/wikipedia/en/thumb/1/1b/Oregon_State_Beavers_logo.svg/320px-Oregon_State_Beavers_logo.svg.png,16
2025-02-27,V,San Diego,Washington St.,NA,NA,FALSE,FALSE,https://upload.wikimedia.org/wikipedia/en/thumb/0/07/Washington_State_Cougars_logo.svg/252px-Washington_State_Cougars_logo.svg.png,17
2025-03-01,H,San Diego,Portland,NA,NA,FALSE,FALSE,https://upload.wikimedia.org/wikipedia/commons/thumb/3/3f/Portland_Pilots_logo.svg/213px-Portland_Pilots_logo.svg.png,18
2024-12-28,H,San Francisco,LMU (CA),NA,NA,FALSE,FALSE,https://upload.wikimedia.org/wikipedia/commons/thumb/6/62/LMU_Lions_logo.svg/320px-LMU_Lions_logo.svg.png,1
2024-12-30,H,San Francisco,Santa Clara,NA,NA,FALSE,FALSE,https://upload.wikimedia.org/wikipedia/commons/thumb/0/05/Santa_Clara_Broncos_logo.svg/185px-Santa_Clara_Broncos_logo.svg.png,2
2025-01-02,V,San Francisco,Pacific,NA,NA,FALSE,FALSE,https://upload.wikimedia.org/wikipedia/en/thumb/5/5e/Pacific_Tigers_logo.svg/320px-Pacific_Tigers_logo.svg.png,3
2025-01-04,V,San Francisco,Washington St.,NA,NA,FALSE,FALSE,https://upload.wikimedia.org/wikipedia/en/thumb/0/07/Washington_State_Cougars_logo.svg/252px-Washington_State_Cougars_logo.svg.png,4
2025-01-09,H,San Francisco,Portland,NA,NA,FALSE,FALSE,https://upload.wikimedia.org/wikipedia/commons/thumb/3/3f/Portland_Pilots_logo.svg/213px-Portland_Pilots_logo.svg.png,5
2025-01-11,V,San Francisco,Santa Clara,NA,NA,FALSE,FALSE,https://upload.wikimedia.org/wikipedia/commons/thumb/0/05/Santa_Clara_Broncos_logo.svg/185px-Santa_Clara_Broncos_logo.svg.png,6
2025-01-16,V,San Francisco,Pepperdine,NA,NA,FALSE,FALSE,https://upload.wikimedia.org/wikipedia/commons/thumb/f/f2/Pepperdine_Waves_logo.svg/226px-Pepperdine_Waves_logo.svg.png,7
2025-01-18,H,San Francisco,Oregon St.,NA,NA,FALSE,FALSE,https://upload.wikimedia.org/wikipedia/en/thumb/1/1b/Oregon_State_Beavers_logo.svg/320px-Oregon_State_Beavers_logo.svg.png,8
2025-01-23,V,San Francisco,Saint Mary's (CA),NA,NA,FALSE,FALSE,https://upload.wikimedia.org/wikipedia/commons/thumb/7/7c/Saint_Mary%27s_College_Gaels_logo.svg/300px-Saint_Mary%27s_College_Gaels_logo.svg.png,9
2025-01-25,H,San Francisco,San Diego,NA,NA,FALSE,FALSE,https://upload.wikimedia.org/wikipedia/commons/7/7e/San_Diego_Toreros_logo.svg,10
2025-02-01,H,San Francisco,Washington St.,NA,NA,FALSE,FALSE,https://upload.wikimedia.org/wikipedia/en/thumb/0/07/Washington_State_Cougars_logo.svg/252px-Washington_State_Cougars_logo.svg.png,11
2025-02-06,H,San Francisco,Saint Mary's (CA),NA,NA,FALSE,FALSE,https://upload.wikimedia.org/wikipedia/commons/thumb/7/7c/Saint_Mary%27s_College_Gaels_logo.svg/300px-Saint_Mary%27s_College_Gaels_logo.svg.png,12
2025-02-08,V,San Francisco,LMU (CA),NA,NA,FALSE,FALSE,https://upload.wikimedia.org/wikipedia/commons/thumb/6/62/LMU_Lions_logo.svg/320px-LMU_Lions_logo.svg.png,13
2025-02-13,V,San Francisco,Gonzaga,NA,NA,FALSE,FALSE,https://upload.wikimedia.org/wikipedia/en/thumb/b/bd/Gonzaga_Bulldogs_logo.svg/301px-Gonzaga_Bulldogs_logo.svg.png,14
2025-02-15,V,San Francisco,San Diego,NA,NA,FALSE,FALSE,https://upload.wikimedia.org/wikipedia/commons/7/7e/San_Diego_Toreros_logo.svg,15
2025-02-20,H,San Francisco,Pacific,NA,NA,FALSE,FALSE,https://upload.wikimedia.org/wikipedia/en/thumb/5/5e/Pacific_Tigers_logo.svg/320px-Pacific_Tigers_logo.svg.png,16
2025-02-27,V,San Francisco,Oregon St.,NA,NA,FALSE,FALSE,https://upload.wikimedia.org/wikipedia/en/thumb/1/1b/Oregon_State_Beavers_logo.svg/320px-Oregon_State_Beavers_logo.svg.png,17
2025-03-01,H,San Francisco,Gonzaga,NA,NA,FALSE,FALSE,https://upload.wikimedia.org/wikipedia/en/thumb/b/bd/Gonzaga_Bulldogs_logo.svg/301px-Gonzaga_Bulldogs_logo.svg.png,18
2024-12-28,H,Santa Clara,Pepperdine,NA,NA,FALSE,FALSE,https://upload.wikimedia.org/wikipedia/commons/thumb/f/f2/Pepperdine_Waves_logo.svg/226px-Pepperdine_Waves_logo.svg.png,1
2024-12-30,V,Santa Clara,San Francisco,NA,NA,FALSE,FALSE,https://upload.wikimedia.org/wikipedia/commons/thumb/a/af/San_Francisco_Dons_logo.svg/200px-San_Francisco_Dons_logo.svg.png,2
2025-01-02,V,Santa Clara,San Diego,NA,NA,FALSE,FALSE,https://upload.wikimedia.org/wikipedia/commons/7/7e/San_Diego_Toreros_logo.svg,3
2025-01-09,H,Santa Clara,Oregon St.,NA,NA,FALSE,FALSE,https://upload.wikimedia.org/wikipedia/en/thumb/1/1b/Oregon_State_Beavers_logo.svg/320px-Oregon_State_Beavers_logo.svg.png,4
2025-01-11,H,Santa Clara,San Francisco,NA,NA,FALSE,FALSE,https://upload.wikimedia.org/wikipedia/commons/thumb/a/af/San_Francisco_Dons_logo.svg/200px-San_Francisco_Dons_logo.svg.png,5
2025-01-15,V,Santa Clara,LMU (CA),NA,NA,FALSE,FALSE,https://upload.wikimedia.org/wikipedia/commons/thumb/6/62/LMU_Lions_logo.svg/320px-LMU_Lions_logo.svg.png,6
2025-01-18,V,Santa Clara,Gonzaga,NA,NA,FALSE,FALSE,https://upload.wikimedia.org/wikipedia/en/thumb/b/bd/Gonzaga_Bulldogs_logo.svg/301px-Gonzaga_Bulldogs_logo.svg.png,7
2025-01-23,H,Santa Clara,Washington St.,NA,NA,FALSE,FALSE,https://upload.wikimedia.org/wikipedia/en/thumb/0/07/Washington_State_Cougars_logo.svg/252px-Washington_State_Cougars_logo.svg.png,8
2025-01-25,V,Santa Clara,Oregon St.,NA,NA,FALSE,FALSE,https://upload.wikimedia.org/wikipedia/en/thumb/1/1b/Oregon_State_Beavers_logo.svg/320px-Oregon_State_Beavers_logo.svg.png,9
2025-01-29,H,Santa Clara,Saint Mary's (CA),NA,NA,FALSE,FALSE,https://upload.wikimedia.org/wikipedia/commons/thumb/7/7c/Saint_Mary%27s_College_Gaels_logo.svg/300px-Saint_Mary%27s_College_Gaels_logo.svg.png,10
2025-02-01,H,Santa Clara,Pacific,NA,NA,FALSE,FALSE,https://upload.wikimedia.org/wikipedia/en/thumb/5/5e/Pacific_Tigers_logo.svg/320px-Pacific_Tigers_logo.svg.png,11
2025-02-06,V,Santa Clara,Portland,NA,NA,FALSE,FALSE,https://upload.wikimedia.org/wikipedia/commons/thumb/3/3f/Portland_Pilots_logo.svg/213px-Portland_Pilots_logo.svg.png,12
2025-02-08,H,Santa Clara,San Diego,NA,NA,FALSE,FALSE,https://upload.wikimedia.org/wikipedia/commons/7/7e/San_Diego_Toreros_logo.svg,13
2025-02-11,V,Santa Clara,Saint Mary's (CA),NA,NA,FALSE,FALSE,https://upload.wikimedia.org/wikipedia/commons/thumb/7/7c/Saint_Mary%27s_College_Gaels_logo.svg/300px-Saint_Mary%27s_College_Gaels_logo.svg.png,14
2025-02-19,H,Santa Clara,LMU (CA),NA,NA,FALSE,FALSE,https://upload.wikimedia.org/wikipedia/commons/thumb/6/62/LMU_Lions_logo.svg/320px-LMU_Lions_logo.svg.png,15
2025-02-22,V,Santa Clara,Washington St.,NA,NA,FALSE,FALSE,https://upload.wikimedia.org/wikipedia/en/thumb/0/07/Washington_State_Cougars_logo.svg/252px-Washington_State_Cougars_logo.svg.png,16
2025-02-27,H,Santa Clara,Gonzaga,NA,NA,FALSE,FALSE,https://upload.wikimedia.org/wikipedia/en/thumb/b/bd/Gonzaga_Bulldogs_logo.svg/301px-Gonzaga_Bulldogs_logo.svg.png,17
2025-03-01,V,Santa Clara,Pacific,NA,NA,FALSE,FALSE,https://upload.wikimedia.org/wikipedia/en/thumb/5/5e/Pacific_Tigers_logo.svg/320px-Pacific_Tigers_logo.svg.png,18
2024-12-28,V,Washington St.,Portland,NA,NA,FALSE,FALSE,https://upload.wikimedia.org/wikipedia/commons/thumb/3/3f/Portland_Pilots_logo.svg/213px-Portland_Pilots_logo.svg.png,1
2024-12-30,H,Washington St.,LMU (CA),NA,NA,FALSE,FALSE,https://upload.wikimedia.org/wikipedia/commons/thumb/6/62/LMU_Lions_logo.svg/320px-LMU_Lions_logo.svg.png,2
2025-01-04,H,Washington St.,San Francisco,NA,NA,FALSE,FALSE,https://upload.wikimedia.org/wikipedia/commons/thumb/a/af/San_Francisco_Dons_logo.svg/200px-San_Francisco_Dons_logo.svg.png,3
2025-01-09,H,Washington St.,Pacific,NA,NA,FALSE,FALSE,https://upload.wikimedia.org/wikipedia/en/thumb/5/5e/Pacific_Tigers_logo.svg/320px-Pacific_Tigers_logo.svg.png,4
2025-01-11,V,Washington St.,Gonzaga,NA,NA,FALSE,FALSE,https://upload.wikimedia.org/wikipedia/en/thumb/b/bd/Gonzaga_Bulldogs_logo.svg/301px-Gonzaga_Bulldogs_logo.svg.png,5
2025-01-16,V,Washington St.,San Diego,NA,NA,FALSE,FALSE,https://upload.wikimedia.org/wikipedia/commons/7/7e/San_Diego_Toreros_logo.svg,6
2025-01-18,H,Washington St.,Portland,NA,NA,FALSE,FALSE,https://upload.wikimedia.org/wikipedia/commons/thumb/3/3f/Portland_Pilots_logo.svg/213px-Portland_Pilots_logo.svg.png,7
2025-01-23,V,Washington St.,Santa Clara,NA,NA,FALSE,FALSE,https://upload.wikimedia.org/wikipedia/commons/thumb/0/05/Santa_Clara_Broncos_logo.svg/185px-Santa_Clara_Broncos_logo.svg.png,8
2025-01-25,H,Washington St.,Saint Mary's (CA),NA,NA,FALSE,FALSE,https://upload.wikimedia.org/wikipedia/commons/thumb/7/7c/Saint_Mary%27s_College_Gaels_logo.svg/300px-Saint_Mary%27s_College_Gaels_logo.svg.png,9
2025-01-30,V,Washington St.,Pacific,NA,NA,FALSE,FALSE,https://upload.wikimedia.org/wikipedia/en/thumb/5/5e/Pacific_Tigers_logo.svg/320px-Pacific_Tigers_logo.svg.png,10
2025-02-01,V,Washington St.,San Francisco,NA,NA,FALSE,FALSE,https://upload.wikimedia.org/wikipedia/commons/thumb/a/af/San_Francisco_Dons_logo.svg/200px-San_Francisco_Dons_logo.svg.png,11
2025-02-06,V,Washington St.,Oregon St.,NA,NA,FALSE,FALSE,https://upload.wikimedia.org/wikipedia/en/thumb/1/1b/Oregon_State_Beavers_logo.svg/320px-Oregon_State_Beavers_logo.svg.png,12
2025-02-08,H,Washington St.,Pepperdine,NA,NA,FALSE,FALSE,https://upload.wikimedia.org/wikipedia/commons/thumb/f/f2/Pepperdine_Waves_logo.svg/226px-Pepperdine_Waves_logo.svg.png,13
2025-02-15,V,Washington St.,Saint Mary's (CA),NA,NA,FALSE,FALSE,https://upload.wikimedia.org/wikipedia/commons/thumb/7/7c/Saint_Mary%27s_College_Gaels_logo.svg/300px-Saint_Mary%27s_College_Gaels_logo.svg.png,14
2025-02-19,H,Washington St.,Gonzaga,NA,NA,FALSE,FALSE,https://upload.wikimedia.org/wikipedia/en/thumb/b/bd/Gonzaga_Bulldogs_logo.svg/301px-Gonzaga_Bulldogs_logo.svg.png,15
2025-02-22,H,Washington St.,Santa Clara,NA,NA,FALSE,FALSE,https://upload.wikimedia.org/wikipedia/commons/thumb/0/05/Santa_Clara_Broncos_logo.svg/185px-Santa_Clara_Broncos_logo.svg.png,16
2025-02-27,H,Washington St.,San Diego,NA,NA,FALSE,FALSE,https://upload.wikimedia.org/wikipedia/commons/7/7e/San_Diego_Toreros_logo.svg,17
2025-03-01,V,Washington St.,Pepperdine,NA,NA,FALSE,FALSE,https://upload.wikimedia.org/wikipedia/commons/thumb/f/f2/Pepperdine_Waves_logo.svg/226px-Pepperdine_Waves_logo.svg.png,18
