"player","team","yr","trank_ppg","mins_pct","year"
"Chris Crawford","Oral Roberts","Fr",0.336076,3.4,2016
"Xavier Pollard","Kent St.","Sr",1.97148,41.2,2016
"Percy Gibson","Oakland","Sr",2.09023,56.1,2016
"Blake Wilkinson","Brown","Jr",-0.206165,1.3,2017
"Jerome Seagears","UNLV","Sr",1.9638,68.2,2016
"Arnold Richmond","Grambling St.","Sr",-0.479095,32.7,2016
"Nick Kerr","California","Sr",0.325014,0.8,2016
"Keron DeShields","Tennessee St.","Sr",2.73714,79.7,2016
"Patrick Onwenu","Alcorn St.","Sr",0.680785,59.6,2016
"John Cannon","UNC Asheville","Sr",0.135414,6.5,2016
"Mario Moody","Bethune Cookman","Sr",1.36506,69.4,2016
"Zach Price","Winthrop","Sr",0.45595,46.7,2016
"Joey Van Zegeren","Northwestern","Sr",0.528671,22.2,2016
"Henry Brooks","Wagner","Sr",-0.318634,42.9,2016
"Ryan Sawvell","Wofford","Sr",1.28933,34.3,2016
"Will Simonton","Quinnipiac","Sr",-0.292167,18.6,2016
"Daniel Green","Arkansas Little Rock","Sr",0.09619,8.8,2016
"Jordan Tolbert","SMU","Sr",3.59481,66.5,2016
"Trey Kellum","Southeast Missouri St.","Jr",0.404392,50,2016
"Shane Hammink","Valparaiso","Jr",1.2977,54.8,2016
"Brian Greene, Jr.","Chicago St.","Sr",-0.5955,30.5,2017
"Myles Hamilton","Cleveland St.","Jr",0.0088409,9.1,2016
"Matt Smith","Cal St. Bakersfield","Jr",0.51306,29.8,2016
"RaShid Gaston","Xavier","Sr",2.14592,45.2,2017
"Avry Holmes","Clemson","Jr",2.46804,76.7,2016
"Hans Brase","Iowa St.","Sr",-0.464354,25.9,2018
"Terry Brutus","Samford","Jr",-0.389119,19.4,2017
"Aaron Anderson","Oral Roberts","Jr",-0.257859,55.3,2016
"Mike LaTulip","Wright St.","Sr",1.0128,65.5,2017
"Atif Russell","Houston Baptist","Sr",1.19777,35.4,2017
"L.J. Rose","BYU","Sr",1.11986,47.9,2017
"Corvon Butler","Alabama St.","Jr",1.8062,53.6,2016
"Tony Hicks","Louisville","Sr",0.347113,16.9,2017
"Daquan Cook","Prairie View A&M","Sr",0.687516,31.9,2017
"Sergej Vucetic","Evansville","Jr",-0.00777726,2.5,2016
"Tyler Ott","Utah Valley","So",0.029497,4.2,2016
"Malik Morgan","Tulane","Jr",1.66977,77.3,2016
"Corey Haith","Tulsa","Sr",-0.0286693,3.2,2017
"Dakota Slaughter","UT Rio Grande Valley","Sr",1.10466,78.1,2016
"Cleveland Thomas","Hartford","Jr",3.79306,77.9,2016
"Malcolm Bernard","Florida A&M","Jr",0.759643,78.6,2016
"Kendrick Ray","Kennesaw St.","Jr",3.16169,84.8,2016
"Evans Ganapamo","Prairie View A&M","Sr",-0.202584,0.8,2017
"Terry Henderson","North Carolina St.","Sr",-1.54885,0.5,2016
"Willie Clayton","Georgia St.","Sr",0.381355,51.8,2017
"Zach LeDay","Virginia Tech","Jr",3.99054,75.6,2016
"Andrew Poulter","IPFW","Jr",0.172319,1.6,2016
"Tahjere McCall","Tennessee St.","Jr",2.36422,75.4,2016
"Greg Tucker","Jacksonville St.","Jr",0.979348,62.7,2016
"Marshall Wood","Richmond","Jr",1.65497,54.1,2016
"Shaquille Cleare","Texas","Jr",0.893534,30.2,2016
"Seth Allen","Virginia Tech","Jr",2.43845,69.1,2016
"Tyrone O'Garro","Fairleigh Dickinson","Jr",-0.0364325,27.6,2016
"Derrico Peck","Maryland Eastern Shore","Sr",0.865584,37.1,2016
"Dajuan Graf","North Carolina Central","Jr",0.420104,68.5,2016
"Brendyn Taylor","Santa Clara","Jr",-0.0913833,28.6,2016
"Brandon Bolden","Southern","Sr",0.245378,4.1,2017
"Stephen Domingo","California","Jr",0.106014,23.2,2016
"Jalen Ross","Hartford","Jr",1.43846,62.3,2016
"A.J. Hess","South Dakota St.","Sr",1.9244,53,2017
"Tre' Coggins","Cal St. Fullerton","Jr",2.48093,71.8,2016
"Raemond Robinson","Charleston Southern","Jr",0.891484,62.8,2016
"Valentine Izundu","Washington St.","Jr",0.620269,26.7,2016
"Alex Austin","Illinois","Jr",0.0155466,21.8,2016
"Kale Abrahamson","Drake","Jr",1.61287,66.7,2016
"Ben Carter","UNLV","Jr",1.88586,38.3,2016
"Ben Carter","Michigan St.","Sr",-0.0362284,12.7,2018
"Deon Edwin","Kent St.","Jr",1.0062,41,2016
"LaRon Smith","Bethune Cookman","Jr",0.702424,63.7,2016
"Durand Johnson","St. John's","Sr",1.39173,68.4,2016
"Deron Powers","Hofstra","Sr",2.61892,82.9,2017
"Ryan Weber","Ball St.","Sr",1.95279,67,2016
"Gee McGhee","Murray St.","Jr",1.50034,74.6,2016
"Maurice Watson Jr.","Creighton","Jr",3.42686,78.6,2016
"Javontae Hawkins","Eastern Kentucky","Jr",2.55773,70.4,2016
"Kelvin Amayo","Loyola Marymount","Sr",0.138062,42.5,2017
"Jorden Kaufman","Youngstown St.","Jr",0.909656,38.5,2016
"Devontae Morgan","James Madison","Jr",0.159221,11.8,2016
"Marcus Lee","California","Sr",1.97765,70.2,2018
"Darin Johnson","Cal St. Northridge","Jr",2.53086,76.7,2017
"Semi Ojeleye","SMU","Jr",5.96437,85.4,2017
"Jaaron Simmons","Ohio","So",3.64304,90.9,2016
"B.J. Johnson","La Salle","Jr",3.33312,77.5,2017
"Luke Meikle","Cal Poly","So",1.26981,47.6,2016
"Tre'Shaun Fletcher","Toledo","Sr",3.99643,79.5,2018
"Trevor Thompson","Ohio St.","So",1.36064,44.2,2016
"Andrew Dakich","Ohio St.","Sr",0.914421,47,2018
"Khris Lane","Longwood","So",1.21276,61.1,2016
"Ugo Mmonu","Charleston Southern","Jr",0.0925753,14.7,2016
"Nolan Berry","UC Davis","So",1.88316,13.8,2016
"Shannon Evans II","Arizona St.","Jr",3.73104,89,2017
"Adonis Rwabigwi","UT Rio Grande Valley","So",-0.267001,22.9,2016
"Raekwon Harney","North Carolina Central","Jr",-0.537428,0.3,2017
"Nigel Johnson","Rutgers","Jr",2.07301,63.6,2017
"Marcus Foster","Creighton","Jr",3.13622,78.3,2017
"Tommy Hamilton IV","Texas Tech","Sr",0.719896,34.8,2018
"Wes Myers","Maine","Jr",2.29517,66.8,2017
"Lincoln Davis","Lamar","Jr",-0.22945,49.6,2016
"Devin Harris","Jacksonville","Jr",1.71745,49.8,2017
"Leo Vincent","Southern Illinois","Jr",1.2154,52.9,2016
"Justin Foreman","Central Arkansas","Sr",0.41913,75.1,2016
"James Currington","Southeastern Louisiana","So",-0.516752,28.8,2016
"Monty Boykins","Pittsburgh","Sr",-0.416116,8.8,2018
"Graham Woodward","Drake","So",1.48825,74.7,2016
"Geno Thorpe","South Florida","Jr",2.78638,76.8,2017
"Bakari Copeland","Maryland Eastern Shore","Jr",1.1565,63,2016
"Matt Mobley","St. Bonaventure","Jr",3.99053,95,2017
"Aram Martin","Bryant","Sr",-1.27885,6.3,2018
"Ty'Quan Bitting","Morehead St.","Jr",0.0981255,6.5,2016
"Leland King II","Nevada","Jr",0.550059,21.6,2017
"Chandler Levingston Simon","Valparaiso","So",0.595186,1.3,2016
"John Dawson","Liberty","Jr",1.68076,57.8,2016
"Deonte Burton","Iowa St.","Jr",2.6478,34.5,2016
"John Egbunu","Florida","So",2.33597,59.3,2016
"Demetrius Henry","La Salle","Jr",1.14699,45.2,2017
"Desmond Ringer","Mercer","So",0.962365,40.9,2016
"Jaylen Shaw","Coastal Carolina","Jr",1.25604,74,2016
"Jalen Jackson","Arkansas Little Rock","Jr",1.24922,37.1,2016
"Nick Davis","South Alabama","So",-0.20788,25.8,2016
"Julian Harrell","Eastern Washington","Jr",1.40011,36.7,2016
"Pat Birt","Tulsa","Jr",2.16245,67.4,2016
"Kyle Davis","BYU","Jr",2.11234,67.7,2016
"JoJo McGlaston","Bradley","Jr",0.651439,54.3,2017
"Malcolm Allen","Northern Arizona","Sr",-1.08907,1.5,2018
"Jairus Lyles","UMBC","So",3.45262,59,2016
"Ismaila Dauda","North Florida","Sr",-0.416838,2.7,2016
"Frank Booker","Florida Atlantic","Jr",0.345267,41.3,2017
"Wayne Martin","Tennessee St.","Jr",1.04423,61.6,2016
"Bobby Word","Cleveland St.","Jr",1.11026,76.3,2017
"David Kadiri","Buffalo","Jr",0.889051,25.8,2016
"Keith Frazier","North Texas","Sr",0.669411,6.7,2017
"Keith Frazier","UTEP","Sr",1.28857,36.8,2018
"Chris Jenkins","NJIT","So",0.714809,34.5,2016
"Manu Lecomte","Baylor","Jr",4.07709,71.5,2017
"Naiel Smith","Ball St.","Jr",-1.0619,46.5,2016
"Kendell Ramlal","UTSA","Sr",0.170698,20,2018
"Reggie Theus Jr.","Cal St. Northridge","Jr",-0.0944288,30.1,2017
"Kyle Benton","North Carolina Central","Jr",1.37559,56.3,2016
"Grant White","Grand Canyon","Sr",0.0682181,5,2016
"Frank Bartley IV","Louisiana Lafayette","Jr",2.9787,82.2,2017
"Sean Obi","Duke","So",0.128783,1.9,2016
"Sean Obi","Maryland","Sr",0.422572,9.8,2018
"Derail Green","Incarnate Word","Jr",1.17016,69,2016
"Anders Broman","Winthrop","Jr",1.76941,54.5,2017
"Kerwin Okoro","Norfolk St.","Sr",-0.0416092,33.8,2017
"Junior Etou","Tulsa","Jr",2.84383,72.8,2017
"Nick Griffin","Saint Peter's","Jr",1.68543,57.5,2017
"Cole Harrison","William & Mary","Sr",0.173296,12.8,2018
"Dylan Jones","Rice","Sr",0.0234119,14.5,2018
"Martez Walker","Oakland","So",2.9868,42.8,2016
"Damarcus Croaker","Murray St.","Jr",0.222113,67,2016
"Aakim Saintil","LIU Brooklyn","Jr",1.29329,72.2,2016
"Jeff Lowery","Central Arkansas","Jr",-0.177806,59.9,2016
"Quinten Payne","Dartmouth","Jr",-0.164603,4.6,2016
"Jake Fay","Hartford","So",-0.44403,1.1,2016
"Joshua Phillips","Chattanooga","Sr",0.904355,46.8,2018
"David Wishon","Lipscomb","Sr",-0.138909,19.4,2016
"Maurice Taylor Jr.","Niagara","Jr",-0.757315,29.1,2016
"Kyle Steward","UMKC","Jr",1.40215,52.9,2016
"Roddy Peters","South Florida","So",0.414291,20.2,2016
"Roddy Peters","Nicholls St.","Sr",3.15828,69.2,2018
"Conner Frankamp","Wichita St.","So",1.9136,35,2016
"Matej Buovac","Sacred Heart","Jr",0.538364,54.1,2016
"Mark Alstork","Wright St.","So",1.94102,66.6,2016
"Kareem Canty","Auburn","Jr",3.79488,57.8,2016
"Craig Hinton","Appalachian St.","Jr",0.632348,33.7,2017
"A.J. Davis","UCF","So",1.7994,77.9,2016
"Greg Alexander","Mount St. Mary's","Jr",0.790872,62.9,2017
"Kennedy Eubanks","UT Arlington","Sr",0.568036,39.3,2016
"Nnamdi Enechionyia","Saint Peter's","Jr",0.801715,51.5,2017
"Ray Barreno","Portland","Jr",-0.286611,34.5,2016
"Jordan Capps","Southeastern Louisiana","Jr",0.980529,50.1,2016
"Devon Thomas","Texas Tech","Jr",0.049857,30.3,2016
"Shane Rector","Utah St.","Jr",1.54661,59.7,2016
"Wes Clark","Buffalo","Sr",3.67753,54.9,2018
"Ty Toney","Eastern Michigan","Jr",0.956279,76.2,2016
"Dion Wade","Miami OH","So",0.107869,44.4,2016
"Jerron Martin","Texas Southern","Jr",0.139026,15.5,2016
"Jerron Martin","Illinois St.","Sr",-0.506133,7.2,2018
"Aaron Siler","Southern Illinois","Jr",0.0284608,0.2,2016
"Michael Wolfe","North Carolina Central","Jr",-0.282069,3.5,2017
"DeAngelo Stewart","IPFW","Jr",1.52275,51.9,2016
"Josh Hearlihy","Vermont","Jr",-0.328123,18.9,2017
"Payton Henson","Vermont","Jr",2.52567,58.3,2017
"Van Rolle","Towson","Jr",-0.0088372,0.8,2017
"Stevie Repichowski","Nicholls St.","Jr",0.54936,61.6,2017
"Malcolm Duvivier","Akron","Sr",1.20803,80.9,2018
"Charles Taylor Jr.","Jackson St.","Jr",-1.45563,9.7,2018
"David Jesperson","Green Bay","Jr",-0.0137653,18.8,2017
"Brandon Goodwin","Florida Gulf Coast","Jr",4.34703,81.1,2017
"Malcolm Brooks","Cal St. Fullerton","Sr",2.03293,50.1,2016
"Sean Grennan","San Francisco","Sr",0.291363,13.1,2016
"Benas Griciunas","Charlotte","So",0.363822,19,2016
"Jaron Hopkins","Fresno St.","Jr",1.84185,73.4,2017
"Dustin Thomas","Arkansas","Jr",1.23014,45,2017
"Mario Matasovic","Sacred Heart","Jr",0.599581,29,2017
"Carlton Hurst","South Dakota","Jr",1.99226,72.5,2017
"Mike Owona","North Carolina A&T","Jr",-0.354625,5,2016
"Patrick Wallace","Charleston Southern","Jr",0.803536,61.1,2016
"Rashaan Surles","Mississippi Valley St.","Jr",-0.913092,45.2,2016
"Andre Adams","Arizona St.","So",0.457724,6,2017
"Zach Lofton","Texas Southern","Jr",2.33596,80.9,2017
"Reggie Lynch","Minnesota","Jr",1.65444,54.9,2017
"Bryson Scott","Fort Wayne","Jr",2.17895,71.3,2017
"Drick Bernstine","North Dakota","So",-0.0482425,76.1,2016
"Jahmel Taylor","Fresno St.","So",1.54581,18,2016
"Nigel Williams-Goss","Gonzaga","Jr",4.64153,79.6,2017
"Tim Myles","Cal St. Fullerton","Jr",-0.315149,30.7,2016
"Tim Myles","Houston Baptist","Sr",-0.673062,17.8,2018
"Wadly Mompremier","Little Rock","Sr",-0.232985,25.2,2018
"Alex Thompson","Samford","Jr",1.7065,63,2017
"Kahlil Dukes","Niagara","Jr",2.52051,83.4,2017
"Xavier Williams","Tennessee St.","Jr",-0.30575,3.5,2017
"Nick King","Alabama","Jr",-0.4379,6.4,2017
"Mitch Hahn","Nebraska Omaha","So",2.65094,64.4,2017
"Jeremy Combs","LSU","Sr",0.649049,3.9,2018
"Aaren Edmead","North Carolina A&T","Sr",0.504106,56.9,2018
"Zacarry Douglas","North Carolina Central","Sr",0.0647632,30,2018
"Justin Coleman","Samford","Sr",3.19319,82.2,2018
"Chinonso Obokoh","St. Bonaventure","Sr",-1.02252,4.3,2017
"JaQuel Richmond","UNC Wilmington","So",0.779553,24.7,2017
"Zach McRoberts","Indiana","So",0.640381,25.2,2017
"Deshaun Morman","Towson","Jr",1.37951,64.9,2017
"Isaac Neilson","Utah Valley","Jr",2.03231,54.6,2017
"Shawn Roundtree","Central Michigan","Jr",2.39909,83.1,2018
"A.J. Astroth","Hampton","Sr",0.775774,41.3,2017
"Jake Toolson","Utah Valley","So",2.7284,68.3,2018
"Brandan Stith","Old Dominion","So",1.82496,56.8,2016
"Jimmy Barton","Missouri","So",-0.402799,3.8,2016
"Namon Wright","Colorado","Jr",1.19983,53.1,2018
"Jakeenan Gant","Louisiana Lafayette","Jr",2.87627,60.3,2018
"Joe Burton","Valparaiso","Jr",1.75716,20.9,2018
"Tyree Griffin","Southern Miss","Jr",2.82774,90.1,2018
"Japhet Kadji","North Carolina A&T","Jr",-0.266721,28.6,2018
"Jordan Swopshire","Colgate","So",1.68949,62.8,2016
"Stuckey Mosley","James Madison","Jr",2.90337,87.5,2018
"Darius Austin","Jackson St.","Sr",-0.704308,51.5,2018
"Deshon Taylor","Fresno St.","So",3.26213,69.4,2017
"Jabari McGhee","Western Kentucky","So",0.623849,21.4,2017
"David Collette","Utah","Jr",3.30906,46.1,2017
"Nick Faust","Long Beach St.","Sr",3.34124,76.8,2016
"Ryan Anderson","Arizona","Sr",4.15633,69.3,2016
"Keondre Dew","Oregon St.","Jr",-1.23712,5.2,2017
"Sandy Cohen III","Green Bay","Sr",2.14462,59.9,2018
"Marques Townes","Loyola Chicago","Jr",2.24766,70.6,2018
"Corey Henderson Jr.","Tulsa","Jr",1.33637,55.9,2017
"Taylor Bessick","Iona","Jr",0.278787,21.4,2016
"Nyaires Redding","Wyoming","Jr",0.575763,32.5,2018
"Tyler Lewis","Butler","Jr",2.08328,41.7,2016
"Javon Bess","Saint Louis","Jr",2.57171,90.5,2018
"Eron Harris","Michigan St.","Jr",2.33878,51.9,2016
"Darren Payen","Vermont","Jr",0.729515,47.4,2016
"Travis Berry","Sacred Heart","Jr",-0.390842,0.3,2016
"Jamal Aytes","BYU","Jr",-0.0517834,11.6,2016
"T.J. Thomas","Drake","Jr",0.527194,50.6,2017
"Paris Maragkos","American","Jr",0.676697,37,2016
"Jeremy Jones","Gonzaga","So",0.0241779,5.6,2017
"Clayton Custer","Loyola Chicago","So",2.59346,79.4,2017
"Fallou Ndoye","Cal St. Bakersfield","Jr",-0.684208,19.1,2017
"Isaiah Gurley","Texas St.","Jr",-0.153494,18.8,2018
"Cavon Baker","Saint Peter's","Sr",0.859691,39.3,2017
"Max Twyman","Hartford","So",-0.293594,12.5,2017
"Oliver Black","Little Rock","So",-0.243851,46,2017
"Toby Van Ry","UTSA","Jr",-0.426038,12.5,2018
"Ed Jones","Alabama St.","Jr",-0.0158163,45.8,2018
"Jordan Tyson","Georgia St.","Jr",-0.441756,24.3,2018
"Kourtlin Jackson","Southern Miss","Sr",2.42859,68.1,2016
"Cane Broome","Cincinnati","Jr",1.94349,48.5,2018
"Brandone Francis","Texas Tech","Jr",1.01248,38,2018
"Scotty Tyler","Milwaukee","So",0.290896,3,2016
"Terry Winn","UT Rio Grande Valley","Jr",1.01506,26.8,2018
"J.C. Show","Binghamton","So",2.39924,26.1,2017
"Paschal Chukwu","Syracuse","So",-1.42499,7.9,2017
"Egor Koulechov","Rice","So",3.16541,85.6,2016
"Jordan Reed","New Hampshire","So",-1.41767,69,2017
"B.J. Gladden","Georgia Southern","Jr",-0.49958,49.9,2017
"Arnaud William Adala Moto","Towson","Jr",2.17604,70.9,2016
"Xavian Stapleton","Mississippi St.","So",1.36897,30,2017
"Leo Edwards","Kent St.","Jr",-0.0759512,4.8,2017
"Qiydar Davis","Indiana St.","Sr",1.7529,59.1,2018
"Tarin Smith","Duquesne","So",0.367958,71.5,2017
"Taishaun Johnson","Kent St.","Jr",-0.705057,4.3,2018
"Isaiah Manderson","South Florida","Jr",-0.365561,2.4,2017
"Kanayo Obi-Rapu","East Tennessee St.","Jr",0.297733,18.7,2018
"Elston Jones","UC Irvine","Jr",0.539606,38.6,2018
"Richard Lee","Southern","Sr",0.0658307,16.6,2018
"Emmitt Holt","Providence","Jr",2.9547,66.3,2017
"Riley Dearring","Cal St. Fullerton","Jr",-0.540912,1.4,2017
"Nathan Hawkins","UT Arlington","So",-0.728552,35,2016
"Johnny Zuppardo","Mississippi St.","Sr",0.370343,28.8,2016
"Bola Alade","UTSA","So",-0.241587,7.2,2017
"Isaiah Jackson","Providence","Jr",1.10404,41.7,2017
"Tyler Cavanaugh","George Washington","Jr",4.30066,75.6,2016
"Idy Diallo","UC Riverside","Jr",-0.427413,24.4,2018
"Tim Williams","New Mexico","Jr",4.14406,83.9,2016
"Lucas Woodhouse","Stony Brook","Jr",1.82882,64.4,2016
"Eliel Gonzalez","North Carolina A&T","Jr",1.10337,54.8,2017
"Christian Harrison","Georgia","Jr",-0.588337,0.2,2018
"B.J. Stith","Old Dominion","So",1.23254,60.2,2017
"Avery Patterson","Alcorn St.","Jr",-1.00086,39.3,2017
"DJ Clayton","Illinois St.","Jr",0.716175,61,2017
"Samuel Dingba","Vermont","Jr",0.361914,8,2018
"Torin Dorn","North Carolina St.","So",1.89812,59.5,2017
"Kaleb Joseph","Creighton","Jr",1.33405,7.8,2018
"Larry Austin Jr.","Vanderbilt","Jr",0.295896,19.7,2018
"Raasean Davis","North Carolina Central","Jr",2.19678,74.2,2018
"Roschon Prince","Long Beach St.","So",0.701422,45.3,2016
"Steve Taylor, Jr.","Toledo","Sr",2.31387,75.2,2017
"Devin Wyatt","Incarnate Word","So",0.107258,33.2,2017
"Michael Gilmore","Florida Gulf Coast","Jr",-0.0248869,32.6,2018
"Jeremiah Jefferson","Jackson St.","Jr",0.471261,60.3,2018
"Dylan Osetkowski","Texas","Jr",2.40999,84.8,2018
"Princeton Onwas","San Jose St.","Sr",1.00039,64,2016
"David Cohn","William & Mary","So",3.11562,74.4,2016
"Joey Frenchwood","Lamar","Jr",0.501643,64,2017
"Bryce Jackson","North Texas","Jr",0.154799,6.3,2017
"Dwain Whitfield","Arkansas Pine Bluff","Jr",0.151801,3.2,2018
"Traylin Farris","Portland St.","Jr",1.93511,54.4,2017
"Collin Weaver","Nevada","Jr",-0.70239,0.6,2017
"Colton Weisbrod","Lamar","Jr",2.02164,80.6,2017
"Sam Hunt","North Carolina A&T","So",2.06072,74.7,2016
"Shawn Olden","TCU","Jr",0.37012,25.3,2018
"Eric Cooper Jr.","Pepperdine","Jr",2.66571,42.9,2018
"Jorge Rosa","New Orleans","Jr",0.431953,28.6,2017
"Jack Purchase","Hawaii","So",1.87096,75.6,2017
"Dusty Hannahs","Arkansas","Jr",3.62068,66.4,2016
"Miles Reynolds","Pacific","Jr",2.47914,78.1,2018
"Marcus Bartley","Southern Illinois","Jr",0.508328,54.5,2018
"Milik Yarbrough","Illinois St.","Jr",3.69271,68.3,2018
"AJ John","UC Davis","Jr",1.78925,50.5,2018
"D.J. Foreman","Saint Louis","Jr",0.628029,46.8,2018
"Ibrahima Diallo","Manhattan","Sr",-0.112127,1.3,2018
"Jace Hogan","Jacksonville","Jr",2.40336,64.7,2018
"Shelton Mitchell","Clemson","So",2.83358,59.2,2017
"Matt Van Scyoc","Indiana St.","Jr",0.270083,54.3,2016
"Luke Doyle","Stetson","So",1.16077,60.2,2016
"Shadell Millinghaus","Texas Tech","Jr",0.642247,31.1,2017
"Paul Jorgensen","Butler","Jr",2.95796,67.2,2018
"Lance Tejada","Lehigh","Jr",2.17456,65.3,2018
"Patrick Cole","North Carolina Central","Jr",1.55146,58.4,2016
"Terry Larrier","Connecticut","So",2.16908,8.2,2017
"Denzel Dulin","Alcorn St.","Sr",-0.0550891,73.1,2017
"Dwayne Morgan","Southern Utah","Jr",0.919049,43.8,2018
"Jordan Cornish","Tulane","Jr",0.795838,75,2018
"Rodney Simeon","Alabama St.","Jr",1.02878,60.6,2017
"Charles Tucker Jr.","Sacred Heart","Jr",-0.608677,67,2017
"Eric Paschall","Villanova","So",1.92667,54.2,2017
"Willie Carmichael","Western Kentucky","So",-0.256868,1.8,2017
"Kevin Zabo","Kent St.","Jr",0.377578,44.4,2017
"Nick Banyard","Illinois St.","Jr",0.10797,49.2,2016
"Karonn Davis","Coppin St.","Sr",0.81215,77.2,2018
"Devin Watson","San Diego St.","Jr",2.70969,78.9,2018
"A.J. Lapray","Rice","Sr",0.888579,14.6,2018
"Paul Jackson","Eastern Michigan","Jr",2.00919,88.2,2018
"Byron Hawkins","Murray St.","Jr",1.0668,42.5,2018
"Wally Ellenson","Marquette","Jr",0.268903,19,2016
"Gerdarius Troutman","Florida Atlantic","Jr",2.17199,45.2,2017
"Scott Plaisance","New Orleans","Jr",-0.478628,28.6,2018
"Tom Rivard","Colgate","So",1.46616,60.8,2016
"Quinton Thomas","Southeastern Louisiana","Jr",0.0410675,18,2018
"Elijah Brown","New Mexico","So",4.5513,83.8,2016
"Jafar Kinsey","North Dakota","Jr",-0.951007,18.4,2018
"Devin Mitchell","Georgia St.","So",0.675326,29.1,2017
"Dulani Robinson","Texas Southern","Sr",0.136387,54.4,2017
"Leon Tolksdorf","American","Jr",0.0171746,17.6,2016
"Robbie Berwick","Colorado St.","Jr",0.423769,15.5,2018
"Sidney Umude","Southern","Sr",0.591797,30.6,2018
"Nolan Cressler","Vanderbilt","Jr",0.746134,27.8,2016
"Peter Jurkin","East Tennessee St.","Jr",0.690633,30.3,2016
"K.J. Maura","UMBC","Jr",1.91809,80.3,2017
"Cole Huff","Creighton","Jr",2.38115,55.5,2016
"Jontrell Walker","Ball St.","Jr",1.1427,23.3,2018
"Tre Harris","SIU Edwardsville","So",1.34105,35.2,2017
"Konner Frey","Utah Valley","Jr",1.49314,70.2,2016
"Konner Frey","Montana St.","Sr",1.68064,41.6,2018
"Jalen Hudson","Florida","Jr",3.5789,65.7,2018
"Isaac Fleming","East Carolina","Jr",1.62967,79.3,2018
"Jonathan Sanks","Canisius","Jr",0.826491,37.6,2018
"Khari Harley","Little Rock","Sr",-0.992468,3.8,2018
"Jadon Cohee","Southern Utah","Sr",1.55663,83.5,2018
"Deandre Burnett","Mississippi","Jr",3.45573,68.2,2017
"Omar Sherman","Louisiana Tech","Jr",1.23923,51.2,2017
"Kadeem Smithen","Siena","So",-0.152653,34.4,2017
"Isaiah Williams","Georgia St.","So",1.43297,61.4,2016
"Isaiah Hobbs","Texas","Fr",-0.319147,0.3,2017
"Dusan Langura","Mississippi Valley St.","Jr",0.0326512,5.9,2016
"Miles Overton","Drexel","Jr",-0.00856142,41.6,2017
"Trey Porter","Old Dominion","So",1.17638,36.2,2017
"Hallice Cooke","Iowa St.","So",0.473919,24.6,2016
"Hallice Cooke","Nevada","Sr",1.93419,49.7,2018
"Nick Osborne","IUPUI","Jr",0.902386,47.2,2016
"Matt O'Leary","IUPUI","Jr",1.45463,69.4,2016
"Darell Combs","IUPUI","Jr",2.20176,73.8,2016
"Christian Griggs-Williams","Tennessee St.","Sr",0.0689407,35.9,2016
"Matt MacDonald","Penn","Jr",0.476754,40.1,2017
"Dwight Coleby","Kansas","Jr",0.438521,9.2,2017
"Davonte Fitzgerald","Minnesota","Sr",0.271757,31.9,2018
"James Bourne","College of Charleston","Sr",0.0753106,24.9,2016
"Jermaine Davis II","Texas Southern","Sr",-0.917959,4.4,2016
"Armani Collins","Bethune Cookman","Jr",-0.509469,26.7,2018
"Namdi Okonkwo","Pacific","Sr",1.79686,48.4,2018
"Dwayne Sutton","Louisville","So",1.42023,37.5,2018
"Dylan Smith","Arizona","So",0.677576,35,2018
"Trae Bryant","Maine","Jr",0.311865,14.8,2018
"Elijah Bryant","BYU","So",2.19793,41.8,2017
"Josh Cunningham","Dayton","So",1.59658,13,2017
"James Kelly","Marshall","Sr",3.30572,75.9,2016
"Kyle Washington","Cincinnati","Jr",2.96575,61.3,2017
"Calaen Robinson","Portland St.","Jr",0.612946,72.6,2016
"Jimmy Gavin","Winthrop","Sr",3.7419,86.6,2016
"AJ Harris","New Mexico St.","So",1.05273,68.4,2018
"Keyshawn Woods","Wake Forest","So",3.72037,76.3,2017
"Maurice O'Field","Nicholls St.","Sr",1.52995,2.2,2018
"Torren Jones","Fresno St.","Jr",1.71845,37.5,2016
"Derrick Bruce","Texas Southern","Jr",1.54902,73,2018
"Marcquise Reed","Clemson","So",2.79381,53.8,2017
"Nick Madray","Eastern Michigan","Jr",-0.0012522,33.8,2017
"Yemi Makanjuola","SIU Edwardsville","Sr",0.35906,43.5,2016
"Ty Taylor","UNC Wilmington","So",1.57576,73.6,2018
"Rob Marberry","Lipscomb","So",2.4696,60.1,2017
"Devin Carter","Arkansas St.","Jr",3.16426,89.7,2016
"Rene Castro","Duquesne","So",-0.235019,8.6,2016
"Jordan Potts","Bethune Cookman","Jr",1.81101,94,2016
"Austin Grandstaff","DePaul","So",-0.536211,12,2018
"Mickey Mitchell","Arizona St.","So",1.50867,41.9,2018
"Bakari Evelyn","Valparaiso","So",1.93214,79.7,2018
"Kamari Murphy","Miami FL","Jr",1.48255,56.7,2016
"Ahmad Fields","Drexel","So",0.03184,3.9,2016
"Dominic Artis","UTEP","Jr",1.55808,79.8,2016
"Xzavier Taylor","Fort Wayne","Jr",0.156959,37.7,2017
"Dallas Anglin","Northern Colorado","Sr",1.71672,47.8,2016
"Matt Mooney","South Dakota","So",2.79042,79.4,2017
"Will Magarity","Davidson","Jr",1.24049,54.8,2017
"Pookie Powell","La Salle","So",3.46624,61.3,2017
"Geremy McKay","Eastern Washington","So",0.491389,2.4,2017
"Lew Stallworth","UT Rio Grande Valley","So",0.891864,62.4,2017
"Jake Wright","Miami OH","So",1.23549,66.6,2017
"Jordan Johnson","UNLV","Sr",3.54743,84.2,2018
"Hudson Price","Charlotte","Jr",0.547526,49.4,2017
"Derrick Woods","Delaware","So",-0.883694,7.8,2018
"Rakim Lubin","Cal St. Northridge","So",0.658509,33.9,2017
"Ronnye Beamon","Morehead St.","Jr",-0.291521,27.2,2016
"Clint Nwosuh","Idaho St.","Jr",-0.370984,15.1,2016
"Payton Hulsey","College of Charleston","Jr",0.650426,71.8,2016
"Payton Hulsey","Florida Atlantic","Sr",-0.530471,59,2018
"Adonis Filer","Florida Atlantic","Jr",0.795102,68,2016
"Kent Auslander","Coppin St.","Jr",-3.09714,30.7,2018
"Joe Rahon","Saint Mary's","Jr",2.85525,92.9,2016
"Sam Finley","Mississippi","Jr",0.36567,16.6,2016
"Jimmy Jent","Ohio St.","So",-0.100343,0.8,2017
"Khari Price","Southern Miss","Jr",1.75497,73.1,2016
"Roland Griffin","Iona","Jr",1.87172,55.3,2018
"Demetrius Pollard","Charleston Southern","Sr",0.38278,47.7,2016
"Derryck Thornton","USC","So",-0.0952041,24.4,2018
"Adam McDermott","Northern Iowa","So",-0.403238,4.1,2018
"Jordan Gathers","Butler","Sr",0.811564,32.7,2016
"K.J. Bluford","Eastern Kentucky","Sr",0.641663,14.1,2016
"Ramone Snowden","James Madison","Jr",0.696973,67.3,2017
"Kyle Meyer","Houston","Jr",0.120978,34.2,2016
"Pat Ingram","Idaho","Jr",-0.680471,22.6,2016
"Blake Hamilton","Buffalo","Jr",1.93635,64.2,2016
"Dylan Johns","Cal St. Northridge","Jr",-0.539104,31.8,2017
"Andrew Rowsey","Marquette","Jr",3.63351,51.9,2017
"Glen Pierre, Jr.","SIU Edwardsville","Jr",-0.524501,5.2,2017
"Johnathan Burroughs-Cook","Chattanooga","Jr",0.580313,37.3,2016
"Josh Fortune","Colorado","Jr",1.40231,56.6,2016
"Jordan Caroline","Nevada","So",3.3613,87.5,2017
"Deion Lavender","UAB","So",0.122988,58.1,2017
"Chaz Glotta","Northern Colorado","So",0.520825,65.2,2017
"Joshea Singleton","North Carolina A&T","Sr",0.645109,28.5,2016
"Trevor Manuel","Loyola Marymount","So",0.74645,26.5,2017
"DeJuan Marrero","Morehead St.","Jr",0.669271,61.9,2016
"Zach Dickerson","South Dakota","So",-0.36623,5.6,2016
"Uros Ljeskovic","Grand Canyon","Sr",0.0437341,11.1,2016
"Brady Ernst","Florida Gulf Coast","So",-0.00141539,21.6,2018
"David Andoh","St. Bonaventure","Sr",0.825219,47.2,2017
"Paulo Cruz","Cal Poly","Jr",-0.392225,0.1,2018
"Amir Smith","Florida Atlantic","Jr",-0.160647,19.6,2018
"Kethan Savage","Butler","Sr",1.87302,44.7,2017
"Joshua Ko","Florida Gulf Coast","Jr",-0.0115292,0.2,2017
"Davante Cooper","Washington St.","Jr",-0.192613,8.8,2018
"Eric McGill","Southern Illinois","Jr",-0.905473,12.6,2018
"Brodricks Jones","Wyoming","So",-0.394873,4.4,2018
"Elijah Staley","Morgan St.","Jr",-0.269553,17,2018
"Akolda Manyang","Utah Valley","Sr",2.66553,49,2018
"Alex Foster","Bradley","Jr",0.0967573,7.3,2017
"Tayler Persons","Ball St.","So",2.79635,71.8,2017
"Malcolm Laws","Nebraska","So",-0.778071,1.4,2016
"Darius Thompson","Virginia","So",1.5086,43.6,2016
"Michael Ramey","Southern Miss","Jr",0.161833,41,2016
"Jacorey Williams","Middle Tennessee","Sr",3.47384,74.4,2017
"Braeden Anderson","Seton Hall","Jr",-0.181506,8.1,2016
"DaQuan Jeffries","Tulsa","Jr",2.40602,43.7,2018
"Kendall Smith","Cal St. Northridge","Jr",1.43798,60,2016
"Zach Lewis","Massachusetts","Jr",0.833518,57.5,2017
"Avery Johnson Jr.","Alabama","So",0.768774,47.6,2017
"Tariq Owens","St. John's","So",1.2274,45.5,2017
"Schuyler Rimmer","Florida","Jr",0.226392,11.2,2016
"Andre Spight","Northern Colorado","Sr",4.31335,85.7,2018
"Josh Newkirk","Indiana","Jr",1.89801,68.7,2017
"Francois Lewis","Presbyterian","Jr",2.16269,24.7,2018
"Kenny Kaminski","Ohio","Jr",1.71794,70.7,2016
"Sedrick Barefield","Utah","So",1.55641,46.9,2017
"Jahmal McMurray","SMU","Jr",3.1675,52.3,2018
"Stanford Robinson","Rhode Island","Jr",1.50281,45.3,2017
"Josh Martin","Cal Poly","So",0.463156,29.6,2016
"Joel Angus III","Hofstra","Sr",1.10873,28.6,2018
"Jordan Madrid-Andrews","Richmond","Sr",-0.613477,3.3,2018
"Damyean Dotson","Houston","Jr",4.72788,75.9,2016
"Jonathan Stark","Murray St.","Jr",4.29996,90.6,2017
"Jordan Reed","Tennessee St.","Sr",-0.390267,0.1,2016
"Austin Nichols","Virginia","Jr",2.30468,1.2,2017
"Clemmye Owens V","Chicago St.","Jr",0.430264,45.7,2016
"Ty Cockfield","Arkansas St.","Jr",2.46159,74.9,2018
"Chris McNeal","New Mexico","Jr",1.10706,60.8,2018
"Marlon Hunter","Jacksonville St.","Jr",1.73139,60.5,2018
"Justin Jenkins","Gardner Webb","So",-0.203172,1.4,2017
"Nych Smith","Winthrop","Jr",0.274578,18.7,2018
"Jay Camus","St. John's","Jr",0.0347102,0.1,2018
"Kajon Brown","BYU","Jr",-0.336271,2.8,2018
"Boaz Williams","Longwood","Jr",-1.83344,4.2,2018
"Robert Carter","Maryland","Jr",3.27816,66.4,2016
"Eric Cobb","Connecticut","Jr",-0.42982,8.9,2018
"Jeremy Hollowell","Georgia St.","Jr",2.29458,78.6,2016
"Hanner Mosquera-Perea","East Tennessee St.","Sr",1.24564,54.2,2017
"Nick Jacobs","Georgia Tech","Sr",2.05212,56.6,2016
"James Harrison","Tennessee Martin","Jr",-0.5074,4.5,2016
"James Harrison","Lamar","Sr",1.2903,43.9,2018
"James Reid","Boise St.","Sr",2.16972,56.8,2017
"Ron Patterson","IUPUI","Jr",1.73889,59.3,2017
"Jaren Sina","George Washington","Jr",1.88218,78.1,2017
"D'Angelo West","Southeastern Louisiana","Jr",-1.38859,8.8,2018
"New Williams","Fresno St.","So",-0.104309,0.7,2018
"Terrell Allen","UCF","So",-0.0787909,74.7,2018
"Shaqquan Aaron","USC","So",1.30278,51.7,2017
"Jamall Gregory","Jacksonville St.","Jr",0.624962,57.7,2018
"Conor Clifford","Washington St.","Jr",1.14967,34,2016
"Cameron Delaney","Sam Houston St.","So",-0.307307,12,2017
"Shane Whitfield","Campbell","So",1.45689,69.5,2016
"Malique Trent-Street","Hampton","Sr",1.93685,46.6,2018
"Dominic Magee","Southern Miss","So",1.83199,61.2,2018
"Malik Maitland","Bethune Cookman","Jr",0.186976,48.8,2018
"Yankuba Sima","Oklahoma St.","Jr",0.143839,27.2,2018
"Jordan Andrews","South Alabama","So",-0.304927,36.4,2018
"Jimmy Whitt","SMU","So",2.74783,83,2018
"Tyre Moore","Mercer","So",-0.0240589,1.6,2016
"Max Hoetzel","San Diego St.","So",1.46311,43.3,2017
"Matthew Atewe","Washington","Jr",0.0540755,13.3,2017
"Matthew Atewe","Pepperdine","Sr",0.777444,43.6,2018
"Samir Sehic","Tulane","So",2.85054,50.5,2018
"Anton Gill","Nebraska","Jr",-0.553001,15.1,2017
"Matthew Butler","Tennessee Martin","Jr",1.10243,89.4,2017
"Jordan Pickett","IUPUI","Jr",0.879117,52,2016
"Matt Rose","Lipscomb","So",1.41355,49.4,2018
"Je'lon Hornbeak","Monmouth","Jr",1.22812,50.3,2016
"Jared Hamilton","Georgia Southern","So",-1.0153,8.7,2018
"DelFincko Bogan","Tennessee Martin","Jr",1.55288,69,2018
"Terrence Samuel","Penn St.","Jr",0.706997,34.8,2017
"Josh White","SIU Edwardsville","Jr",-0.205058,11.8,2016
"Matt Donlan","Youngstown St.","Jr",2.00943,85.9,2016
"Jack Williams","Pacific","So",1.45995,58.8,2017
"Akoy Agau","Georgetown","Jr",0.748592,37.1,2017
"Brandon Randolph","Utah Valley","Jr",0.670233,69.1,2017
"Ahmaad Rorie","Montana","So",3.56034,78.1,2017
"Trey Dickerson","South Dakota","Jr",1.19639,55.7,2017
"Oumar Barry","San Jose St.","Jr",0.0350534,50,2018
"Jab Singleton","Southeastern Louisiana","Sr",-0.784875,56.8,2017
"Marcus Bryan","UNC Wilmington","So",0.453129,38.9,2016
"Charles Cooke","Dayton","Jr",3.20937,77,2016
"Skyler White","Idaho","So",-0.213922,1.9,2016
"Montaque Gill-Caesar","San Diego St.","So",-0.430469,24.3,2017
"Jeremiah Worthem","North Carolina Central","Jr",0.461064,7.6,2016
"Nic Thomas","Norfolk St.","So",0.466967,47.6,2018
"Deion James","Colorado St.","Jr",1.57849,61.6,2018
"Malik Pugh","Tennessee Martin","So",-0.00906822,12.8,2017
"Gabe Levin","Long Beach St.","So",1.87434,61.2,2016
"Torloft Thomas","Alabama St.","Jr",0.240596,64.8,2016
"Cole Gentry","Wright St.","So",1.26972,58,2018
"Ryan Taylor","Evansville","So",2.67161,77.3,2017
"Colin Russell","UC Davis","Jr",-0.16617,15.9,2018
"Hunter Seacat","Appalachian St.","So",0.380545,19.5,2018
"Jacob Orender","California","Jr",0.138286,0.4,2018
"Lacey James","Northern Illinois","Jr",-0.209032,53.7,2018
"Grandy Glaze","Grand Canyon","Sr",2.3566,63.7,2016
"Tevin Glass","East Tennessee St.","Sr",1.6062,56,2017
"Denzel Ingram","UNC Wilmington","Jr",2.20063,81,2016
"Andrew Fleming","Lipscomb","So",-0.0957301,18.3,2018
"Wes Alcegaire","Bowling Green","Jr",1.24443,68.3,2016
"Tra'Vaughn White","Longwood","Sr",1.39274,65,2016
"Develle Phillips","James Madison","Jr",1.42223,56.8,2018
"Nick Stover","South Alabama","Jr",0.326056,70.4,2016
"Curran Scott","Tulsa","Jr",0.900498,36.7,2018
"Desmond Ridenour","Kent St.","Jr",0.56327,40.4,2017
"Zavier Turner","Manhattan","Jr",2.54426,70.1,2017
"Karl Harris","Northern Arizona","Jr",0.506168,45.4,2018
"Deyshonee Much","Iona","So",2.733,65.4,2016
"Chance Murray","UC Riverside","Jr",-0.0471865,64.2,2017
"Will Gates Jr.","Houston Baptist","Jr",-1.75961,1.6,2016
"Jevon Thomas","Seton Hall","Jr",-1.58412,7,2017
"Nikola Scekic","South Florida","Jr",-1.01754,38.6,2018
"Brandonn Kamga","High Point","So",1.05688,65.5,2018
"Kenny Wormley","Hofstra","Jr",-0.223851,34.8,2018
"Jason Burnell","Jacksonville St.","Jr",2.41751,61.5,2018
"Marcus Marshall","Nevada","Sr",4.94175,88.3,2017
"Denton Koon","Hofstra","Sr",1.70836,87.3,2016
"Jordan Jackson","UT Rio Grande Valley","Jr",1.17645,5.7,2018
"Charles Brown III","Incarnate Word","Jr",1.01764,73.4,2018
"Jeff Beverly","UTSA","Jr",2.04874,67.7,2017
"Greg King","Niagara","Jr",0.641436,41.9,2018
"Abdul Lewis","NJIT","So",0.880503,70.6,2017
"Cory Calvert","Utah Valley","Jr",-0.868117,7,2018
"Davin Guinn","BYU","So",0.345754,1.8,2016
"B.K. Ashe","Longwood","Sr",-0.0705523,86.8,2018
"Trevor Glassman","Missouri","Jr",-0.463014,1,2017
"Jerome Frink","LIU Brooklyn","Jr",1.96847,81.5,2016
"Xavier Eaglin","Prairie View A&M","So",-0.360552,0.4,2018
"Willie Conner","Buffalo","Jr",2.20171,72.4,2016
"Evan Payne","Long Beach St.","Jr",1.98126,63.7,2017
"Stokley Chaffee Jr.","Tennessee St.","Jr",0.990126,40.4,2018
"Austin Starr","Prairie View A&M","Jr",-0.16761,35.2,2018
"Jermaine Ukaegbu","Winthrop","Jr",0.16906,28.3,2018
"Dante Scott","Mississippi Valley St.","Jr",1.57225,72.9,2018
"Jalen Bradley","Oral Roberts","Jr",1.54756,63.3,2016
"Jackson Davis","Eastern Kentucky","Jr",1.06387,21.2,2018
"Warren Jones","Green Bay","Sr",1.66921,43,2017
"Dayon Griffin","UCF","Jr",0.574998,68.2,2018
"Christian Albright","Lamar","Jr",0.0730081,28.7,2017
"Daniel Norl","Nebraska Omaha","Jr",0.402633,34.6,2017
"Shaquille Preston","Prairie View A&M","Jr",-0.477295,22.3,2017
"Matt Cimino","American","Jr",-0.115068,27.6,2017
"Anthony Swan","Cal St. Northridge","Jr",-0.37197,15.2,2018
"Darian Bryant","Delaware","So",-0.369482,66.5,2017
"Darrell Bowie","Iowa St.","Sr",0.872382,39.4,2017
"Malik Martin","South Florida","Jr",0.76494,57.9,2018
"Renard Suggs","Nebraska Omaha","Sr",-0.345805,13.6,2018
"Kory Holden","South Carolina","Jr",-0.0830561,11.8,2018
"Scottie James","Liberty","So",3.49774,65.1,2018
"Dominik Olejniczak","Mississippi","So",0.717003,34.7,2018
"Tramaine Isabell","Drexel","Jr",4.0098,71.8,2018
"Jamar Akoh","Montana","Jr",2.52314,64.8,2018
"David Skara","Clemson","Jr",0.117058,35.6,2018
"DeSean Murray","Auburn","Jr",2.69258,59.7,2018
"Jonathan Davis","Baylor","So",0.0512301,1.2,2017
"Lew Evans","Utah St.","Jr",1.41481,52.8,2016
"Jerrelle DeBerry","Utah Valley","Sr",1.1539,24.7,2018
"Jordan Barnett","Missouri","So",2.61968,48.8,2017
"Link Kabadyundi","UT Arlington","Jr",-0.25511,10.3,2017
"James Palmer Jr.","Nebraska","Jr",4.05762,77.3,2018
"Evan Taylor","Nebraska","Jr",0.0299249,60.1,2017
"Devon Pekas","North Dakota","Sr",0.368319,1.5,2017
"Malik Marquetti","Louisiana Lafayette","Jr",1.5909,68,2018
"Stephan Bennett","Texas Southern","Sr",0.523915,25,2017
"Marcus Stroman","Louisiana Lafayette","Jr",1.45132,68.7,2018
"Hayes Garrity","Idaho St.","Jr",-1.51777,13.6,2017
"Robert Knar","UMKC","Sr",0.454875,18.4,2018
"Obi Romeo","Longwood","Jr",-0.261186,10.4,2017
"Troy Harper","Drexel","Jr",0.986331,43.8,2018
"Jonathan Wiley","Southern Illinois","Jr",0.0937113,23.6,2017
"JaMarcus Weatherspoon","Southern","Sr",0.0497345,35.8,2017
"Elijah Thomas","Clemson","So",1.8027,30.6,2017
"Kinnon LaRose","Sacred Heart","So",1.30292,69.6,2018
"Terence Traylor","Mississippi Valley St.","Sr",-0.154058,8,2017
"Shirmane Thomas","Grambling St.","Sr",0.54777,69.8,2018
"DeAndre Harris","Nicholls St.","Sr",2.16978,22.1,2017
"Isaiah Pineiro","San Diego","Jr",2.76352,70,2018
"Ricky Doyle","Florida Gulf Coast","Jr",0.453874,27.6,2018
"Daniel Giddens","Alabama","So",0.592804,31.3,2018
"Johnathan Williams","Gonzaga","Jr",2.4954,60.6,2017
"Ronnie Johnson","Houston","Jr",2.17204,53,2016
"Alex Robinson","TCU","Jr",2.66198,82,2017
"Lamonte Bearden","Western Kentucky","Jr",2.60155,69,2018
"Kurt Karis","USC","Jr",-0.0443304,1.6,2017
"Paul White","Oregon","Jr",2.88745,51.4,2018
"Ot Elmore","Marshall","Jr",-0.0848756,1.1,2017
"Andre Washington","East Carolina","Sr",0.802165,62.2,2017
"Dre'Kalo Clayton","Austin Peay","Jr",-0.65194,36.1,2017
"Steven Haney Jr.","Loyola Marymount","So",1.19171,68.6,2016
"Keljin Blevins","Montana St.","Sr",0.703418,60.9,2018
"Stevie Clark","Oakland","Jr",0.940032,36.5,2017
"Connar Tava","Boston College","Sr",0.381897,63.3,2017
"Andrew White III","Nebraska","Jr",4.06505,73.7,2016
"Jahaad Proctor","High Point","So",2.79208,71.4,2018
"Lyrik Shreiner","Cal St. Northridge","So",0.376844,73.5,2018
"Kevin Degnan","Siena","Jr",-0.106933,6.7,2018
"Kendrick Nunn","Oakland","Sr",4.6324,85.4,2018
"Demetrius Denzel-Dyson","Samford","Jr",2.48276,75.6,2017
"Charles Matthews","Michigan","So",2.631,74.6,2018
"Caleb Martin","Nevada","Jr",4.54872,80,2018
"Cody Martin","Nevada","Jr",4.37018,85.6,2018
"Larry Dennis","Stetson","Jr",-0.431178,32.1,2017
"Dusan Majstorovic","Maine","Jr",-0.90589,27.7,2018
"Tevon Saddler","Nicholls St.","Sr",2.06763,71.1,2018
"Aleksandar Dozic","Marist","So",0.270943,53.2,2018
"Eric Lockett","FIU","So",-0.205377,62.4,2017
"Kendall Small","Pacific","So",0.220143,39.4,2018
"Chas Brown","Duquesne","Sr",-0.485783,34.7,2018
"Ria'n Holland","Mercer","Jr",3.97452,78,2017
"Tyler Rawson","Utah","Jr",1.06104,49,2017
"Justin Jordan","UNC Greensboro","Jr",-0.105712,2.7,2017
"Sherron Wilson","Jackson St.","Jr",-0.600488,15.3,2017
"Marcus Keene","Central Michigan","Jr",5.60765,92.8,2017
"Curtis Phillips","Tennessee Tech","Jr",0.808753,41.3,2017
"Femi Olujobi","North Carolina A&T","Jr",1.80354,72,2018
"Demetrius Houston","Alabama St.","Jr",-1.67744,12.7,2017
"Deontae North","Portland St.","Jr",1.84401,61,2017
"JT Escobar","North Florida","So",1.54975,67.7,2018
"Malik Newman","Kansas","So",4.23989,78.8,2018
"Leon Gilmore III","Stephen F. Austin","Jr",1.31711,60.8,2017
"Rokas Ulvydas","UCF","So",-0.184812,21.6,2018
"Tucker Thompson","North Carolina St.","Jr",0.218135,0.5,2017
"Devin Davis","Houston","Jr",1.16501,32.5,2017
"JJ N'Ganga","Mercer","Sr",-0.508308,18.8,2017
"Connor MacDougall","New Mexico","So",0.739466,21.6,2017
"Marcus Neely","Florida Atlantic","Jr",-0.523389,38.3,2017
"Keith Pinckney","Old Dominion","Jr",-1.2705,2.4,2017
"JC Washington","Charlotte","Jr",0.125624,11.7,2017
"Davon Hayes","Southeastern Louisiana","Jr",1.06679,64.9,2017
"Norville Carey","Rider","Sr",0.93658,59.2,2017
"Trayvon Reed","Texas Southern","Jr",2.812,57.5,2018
"Joseph Lopez","Sacred Heart","Jr",2.03814,67.4,2017
"Isaiah Wright","San Diego","Jr",2.6664,85.8,2018
"Kameron Chatman","Detroit","Jr",3.33015,74.3,2018
"Steven Whitley","Norfolk St.","So",1.46101,71.6,2018
"Pat McNamara","Fairleigh Dickinson","So",-0.475241,24.6,2018
"Marlon Stewart","North Dakota","So",1.46678,69.4,2018
"Frederick Scott","Rider","Jr",1.74201,59.4,2018
"Matt Milon","William & Mary","So",2.5817,76.4,2018
"Satchel Pierce","Penn St.","Jr",-0.298928,11,2018
"Nick Rogers","IUPUI","So",-0.369563,55.1,2018
"Devine Eke","Rider","Jr",0.524007,22.7,2018
"Issac Vann","VCU","So",0.943113,48.5,2018
"Maurice Rivers","Jackson St.","Jr",0.579065,49.9,2017
"Larry Lewis Jr.","Hawaii","Jr",-0.0922366,11.1,2017
"Brekkott Chapman","Weber St.","Jr",0.550012,60.8,2018
"Harry Froling","Marquette","So",0.601069,17.5,2018
"Madison Jones","Seton Hall","Sr",0.416088,72.9,2017
"Julian Torres","SIU Edwardsville","Jr",0.484961,6.1,2018
"Gerron Scissum","James Madison","So",-0.00606192,3.6,2018
"Del'Vin Dickerson","North Carolina Central","Sr",1.25773,51.8,2017
"Talbott Denny","Arizona","Sr",-0.297294,0.4,2018
"Julian Walters","Alabama A&M","Sr",-0.26113,54,2018
"Justin Massey","Florida Atlantic","Jr",0.761888,36.2,2017
"Iziahiah Sweeney","Northwestern St.","Jr",0.100543,66.8,2017
"Dan Robinson","Norfolk St.","Jr",-0.33166,40.2,2017
"Sam Cunliffe","Kansas","So",0.320021,4.7,2018
"Willie Jackson","Toledo","So",1.25912,28.7,2018
"Justin Simon","St. John's","So",2.58241,88.6,2018
"Elijah Minnie","Eastern Michigan","Jr",2.38711,79,2018
"Chris Harrison-Docks","DePaul","Sr",0.81801,39.5,2017
"Mike Hoffman","UT Rio Grande Valley","Jr",1.20671,47.3,2017
"Lorenzo Jenkins","Colorado St.","So",0.199327,32.7,2018
"James Suber","Cal St. Bakersfield","Jr",-0.679646,17.6,2017
"Julian Richardson","Cal St. Northridge","Jr",-0.204633,0.4,2017
"Marvin Clark II","St. John's","Jr",2.7004,76.9,2018
"Terry Harris","Eastern Michigan","Jr",-0.417018,7.5,2018
"Dederick Lee","South Alabama","Jr",-0.702521,45.2,2017
"Donovan Gilmore","UNC Asheville","Jr",0.1018,18.9,2018
"Will Ransom","North Carolina Central","Sr",-0.440605,36.7,2017
"Rondale Watson","Marshall","Jr",1.01376,45.4,2018
"Kendall Stephens","Nevada","Sr",3.51638,68.1,2018
"Vasa Pusica","Northeastern","Jr",4.01671,86.3,2018
"Marcus Harris","Sam Houston St.","Jr",1.06768,59.5,2018
"Austin Ajukwa","Charlotte","Jr",1.31823,48.7,2017
"Franklin Porter","Portland","So",0.498732,64.9,2018
"J-Mychal Reese","North Texas","Sr",1.63322,84.2,2016
"Da'Shawn Robinson","Lamar","Sr",-0.0639944,6.1,2018
"Randy Onwuasor","Southern Utah","Sr",3.70419,87.8,2017
